product_code,customer_code,market_code,order_date,sales_qty,sales_amount,currency,profit_margin_percentage,profit_margin,cost_price
Prod110,Cus001,Mark001,2017-10-10,1,1190,INR,-0.21,-249.9,1439.9
Prod265,Cus001,Mark001,2017-10-10,1,162,INR,-0.27,-43.74,205.74
Prod302,Cus001,Mark001,2017-10-10,1,51,INR,-0.09,-4.59,55.59
Prod110,Cus001,Mark001,2017-10-25,1,1190,INR,0.05,59.5,1130.5
Prod302,Cus001,Mark001,2017-11-06,1,356,INR,-0.08,-28.48,384.48
Prod265,Cus001,Mark001,2017-11-16,1,481,INR,0.3,144.3,336.7
Prod126,Cus001,Mark001,2017-12-11,1,65,INR,-0.29,-18.85,83.85
Prod110,Cus001,Mark001,2018-01-10,1,1190,INR,0.27,321.3,868.7
Prod275,Cus001,Mark001,2018-02-08,1,657,INR,0.35,229.95,427.05
Prod265,Cus001,Mark001,2018-04-12,1,162,INR,-0.26,-42.12,204.12
Prod110,Cus001,Mark001,2018-05-15,1,1190,INR,-0.14,-166.6,1356.6
Prod275,Cus001,Mark001,2018-06-11,1,657,INR,0.02,13.14,643.86
Prod303,Cus001,Mark001,2018-06-11,1,139,INR,0.09,12.51,126.49
Prod110,Cus001,Mark001,2018-07-13,1,1194,INR,0.33,394.02,799.98
Prod265,Cus001,Mark001,2018-09-12,1,162,INR,0.36,58.32,103.68
Prod303,Cus001,Mark001,2018-09-12,1,139,INR,0.34,47.26,91.74
Prod110,Cus001,Mark001,2018-09-28,1,1194,INR,-0.28,-334.32,1528.32
Prod110,Cus001,Mark001,2018-10-10,1,1194,INR,-0.09,-107.46,1301.46
Prod303,Cus001,Mark001,2018-10-10,1,69,INR,0.13,8.97,60.03
Prod275,Cus001,Mark001,2018-10-22,1,657,INR,-0.3,-197.1,854.1
Prod110,Cus001,Mark001,2018-11-08,1,1194,INR,0.4,477.6,716.4
Prod265,Cus001,Mark001,2018-11-08,1,560,INR,0.22,123.2,436.8
Prod275,Cus001,Mark001,2018-11-08,1,657,INR,-0.27,-177.39,834.39
Prod110,Cus001,Mark001,2019-01-10,1,1194,INR,0.39,465.66,728.34
Prod110,Cus001,Mark001,2019-02-07,1,1194,INR,0.28,334.32,859.68
Prod303,Cus001,Mark001,2019-02-07,1,278,INR,-0.13,-36.14,314.14
Prod275,Cus001,Mark001,2019-04-11,1,657,INR,0.2,131.4,525.6
Prod265,Cus001,Mark001,2019-06-07,1,319,INR,0.1,31.9,287.1
Prod275,Cus001,Mark001,2019-06-14,1,657,INR,-0.24,-157.68,814.68
Prod110,Cus001,Mark001,2019-07-11,1,1190,INR,-0.02,-23.8,1213.8
Prod110,Cus001,Mark001,2019-08-12,1,1190,INR,0.21,249.9,940.1
Prod110,Cus001,Mark001,2019-08-13,1,1194,INR,-0.15,-179.1,1373.1
Prod128,Cus001,Mark001,2019-08-13,1,347,INR,0.1,34.7,312.3
Prod065,Cus001,Mark001,2019-10-10,1,125,INR,0.31,38.75,86.25
Prod121,Cus001,Mark001,2019-10-10,1,56,INR,-0.29,-16.24,72.24
Prod131,Cus001,Mark001,2019-10-10,1,88,INR,-0.1,-8.8,96.8
Prod090,Cus001,Mark001,2019-10-11,1,116,INR,0.33,38.28,77.72
Prod110,Cus001,Mark001,2019-10-11,1,1190,INR,-0.32,-380.8,1570.8
Prod275,Cus001,Mark001,2020-01-17,1,657,INR,-0.3,-197.1,854.1
Prod275,Cus001,Mark001,2020-02-13,1,657,INR,-0.27,-177.39,834.39
Prod265,Cus001,Mark001,2020-02-21,1,162,INR,0,0,162
Prod061,Cus001,Mark001,2020-02-27,1,241,INR,-0.17,-40.97,281.97
Prod110,Cus001,Mark001,2020-03-03,1,1194,INR,-0.01,-11.94,1205.94
Prod303,Cus001,Mark001,2020-03-12,1,417,INR,0.14,58.38,358.62
Prod275,Cus001,Mark001,2020-04-09,1,657,INR,-0.12,-78.84,735.84
Prod265,Cus001,Mark001,2020-05-18,1,403,INR,-0.22,-88.66,491.66
Prod275,Cus001,Mark001,2020-05-18,1,657,INR,-0.1,-65.7,722.7
Prod303,Cus001,Mark001,2020-06-18,1,486,INR,-0.27,-131.22,617.22
Prod273,Cus001,Mark001,2017-10-10,2,208,INR,-0.15,-31.2,239.2
Prod301,Cus001,Mark001,2017-10-20,2,769,INR,0.34,261.46,507.54
Prod279,Cus001,Mark001,2017-10-27,2,856,INR,0.21,179.76,676.24
Prod278,Cus001,Mark001,2017-11-16,2,856,INR,0.07,59.92,796.08
Prod278,Cus001,Mark001,2017-12-11,2,856,INR,-0.09,-77.04,933.04
Prod290,Cus001,Mark001,2017-12-11,2,745,INR,-0.05,-37.25,782.25
Prod301,Cus001,Mark001,2017-12-11,2,787,INR,0.2,157.4,629.6
Prod302,Cus001,Mark001,2017-12-11,2,560,INR,0.01,5.6,554.4
Prod269,Cus001,Mark001,2017-12-11,2,491,INR,0.04,19.64,471.36
Prod273,Cus001,Mark001,2017-12-11,2,227,INR,0.29,65.83,161.17
Prod265,Cus001,Mark001,2018-01-12,2,884,INR,-0.06,-53.04,937.04
Prod278,Cus001,Mark001,2018-01-12,2,856,INR,-0.32,-273.92,1129.92
Prod290,Cus001,Mark001,2018-01-12,2,745,INR,-0.01,-7.45,752.45
Prod301,Cus001,Mark001,2018-01-12,2,787,INR,0.31,243.97,543.03
Prod303,Cus001,Mark001,2018-01-26,2,556,INR,0.22,122.32,433.68
Prod126,Cus001,Mark001,2018-02-13,2,130,INR,-0.35,-45.5,175.5
Prod279,Cus001,Mark001,2018-02-13,2,856,INR,0.09,77.04,778.96
Prod265,Cus001,Mark001,2018-03-13,2,801,INR,0.26,208.26,592.74
Prod290,Cus001,Mark001,2018-03-22,2,745,INR,0.14,104.3,640.7
Prod290,Cus001,Mark001,2018-04-09,2,745,INR,0.23,171.35,573.65
Prod296,Cus001,Mark001,2018-04-09,2,935,INR,0.07,65.45,869.55
Prod302,Cus001,Mark001,2018-04-09,2,407,INR,0.4,162.8,244.2
Prod303,Cus001,Mark001,2018-04-12,2,556,INR,0.25,139,417
Prod278,Cus001,Mark001,2018-04-18,2,856,INR,0.12,102.72,753.28
Prod117,Cus001,Mark001,2018-04-27,2,153,INR,-0.24,-36.72,189.72
Prod301,Cus001,Mark001,2018-05-16,2,787,INR,-0.07,-55.09,842.09
Prod265,Cus001,Mark001,2018-05-18,2,884,INR,-0.11,-97.24,981.24
Prod269,Cus001,Mark001,2018-05-30,2,491,INR,0.21,103.11,387.89
Prod265,Cus001,Mark001,2018-06-11,2,722,INR,-0.1,-72.2,794.2
Prod273,Cus001,Mark001,2018-06-11,2,227,INR,0.38,86.26,140.74
Prod278,Cus001,Mark001,2018-06-11,2,856,INR,-0.29,-248.24,1104.24
Prod290,Cus001,Mark001,2018-06-11,2,745,INR,0.15,111.75,633.25
Prod269,Cus001,Mark001,2018-07-13,2,491,INR,0.08,39.28,451.72
Prod296,Cus001,Mark001,2018-07-13,2,935,INR,-0.06,-56.1,991.1
Prod298,Cus001,Mark001,2018-07-13,2,1514,INR,0.3,454.2,1059.8
Prod278,Cus001,Mark001,2018-07-30,2,856,INR,0.14,119.84,736.16
Prod290,Cus001,Mark001,2018-07-30,2,745,INR,-0.04,-29.8,774.8
Prod275,Cus001,Mark001,2018-08-15,2,1315,INR,0.14,184.1,1130.9
Prod302,Cus001,Mark001,2018-08-15,2,407,INR,0.32,130.24,276.76
Prod275,Cus001,Mark001,2018-08-23,2,1315,INR,-0.06,-78.9,1393.9
Prod296,Cus001,Mark001,2018-08-23,2,935,INR,0.02,18.7,916.3
Prod279,Cus001,Mark001,2018-08-31,2,856,INR,-0.03,-25.68,881.68
Prod301,Cus001,Mark001,2018-08-31,2,787,INR,0.02,15.74,771.26
Prod270,Cus001,Mark001,2018-09-12,2,491,INR,-0.15,-73.65,564.65
Prod273,Cus001,Mark001,2018-09-12,2,227,INR,-0.26,-59.02,286.02
Prod276,Cus001,Mark001,2018-09-12,2,769,INR,0.01,7.69,761.31
Prod278,Cus001,Mark001,2018-09-12,2,856,INR,-0.16,-136.96,992.96
Prod298,Cus001,Mark001,2018-09-12,2,1514,INR,-0.34,-514.76,2028.76
Prod276,Cus001,Mark001,2018-10-10,2,769,INR,0.3,230.7,538.3
Prod269,Cus001,Mark001,2018-10-10,2,491,INR,0.25,122.75,368.25
Prod270,Cus001,Mark001,2018-10-10,2,491,INR,-0.32,-157.12,648.12
Prod298,Cus001,Mark001,2018-10-10,2,1514,INR,0.08,121.12,1392.88
Prod301,Cus001,Mark001,2018-10-10,2,787,INR,-0.16,-125.92,912.92
Prod265,Cus001,Mark001,2018-10-22,2,801,INR,0.13,104.13,696.87
Prod278,Cus001,Mark001,2018-10-22,2,856,INR,-0.05,-42.8,898.8
Prod278,Cus001,Mark001,2018-11-08,2,856,INR,-0.13,-111.28,967.28
Prod269,Cus001,Mark001,2018-12-06,2,491,INR,-0.1,-49.1,540.1
Prod278,Cus001,Mark001,2018-12-06,2,856,INR,0,0,856
Prod290,Cus001,Mark001,2018-12-06,2,745,INR,-0.24,-178.8,923.8
Prod298,Cus001,Mark001,2018-12-06,2,1514,INR,-0.16,-242.24,1756.24
Prod301,Cus001,Mark001,2018-12-06,2,787,INR,0.16,125.92,661.08
Prod303,Cus001,Mark001,2019-01-10,2,625,INR,-0.23,-143.75,768.75
Prod269,Cus001,Mark001,2019-01-14,2,491,INR,0.34,166.94,324.06
Prod273,Cus001,Mark001,2019-01-14,2,227,INR,-0.27,-61.29,288.29
Prod275,Cus001,Mark001,2019-01-14,2,1315,INR,-0.15,-197.25,1512.25
Prod278,Cus001,Mark001,2019-01-14,2,856,INR,0.06,51.36,804.64
Prod298,Cus001,Mark001,2019-01-14,2,1514,INR,-0.35,-529.9,2043.9
Prod269,Cus001,Mark001,2019-02-15,2,491,INR,0.11,54.01,436.99
Prod270,Cus001,Mark001,2019-02-15,2,491,INR,-0.25,-122.75,613.75
Prod273,Cus001,Mark001,2019-02-15,2,227,INR,-0.04,-9.08,236.08
Prod276,Cus001,Mark001,2019-02-15,2,769,INR,-0.29,-223.01,992.01
Prod290,Cus001,Mark001,2019-02-15,2,745,INR,-0.09,-67.05,812.05
Prod296,Cus001,Mark001,2019-02-15,2,935,INR,-0.28,-261.8,1196.8
Prod298,Cus001,Mark001,2019-02-15,2,1514,INR,-0.07,-105.98,1619.98
Prod301,Cus001,Mark001,2019-02-15,2,787,INR,0.24,188.88,598.12
Prod279,Cus001,Mark001,2019-03-21,2,856,INR,-0.35,-299.6,1155.6
Prod290,Cus001,Mark001,2019-03-21,2,745,INR,0.4,298,447
Prod301,Cus001,Mark001,2019-03-21,2,787,INR,-0.01,-7.87,794.87
Prod302,Cus001,Mark001,2019-03-21,2,458,INR,0.24,109.92,348.08
Prod298,Cus001,Mark001,2019-03-29,2,1514,INR,0,0,1514
Prod270,Cus001,Mark001,2019-04-18,2,491,INR,0.2,98.2,392.8
Prod273,Cus001,Mark001,2019-04-18,2,227,INR,0.18,40.86,186.14
Prod276,Cus001,Mark001,2019-04-18,2,769,INR,0.21,161.49,607.51
Prod278,Cus001,Mark001,2019-04-18,2,856,INR,-0.04,-34.24,890.24
Prod298,Cus001,Mark001,2019-04-18,2,1514,INR,-0.02,-30.28,1544.28
Prod275,Cus001,Mark001,2019-05-13,2,1315,INR,-0.09,-118.35,1433.35
Prod276,Cus001,Mark001,2019-05-13,2,769,INR,-0.14,-107.66,876.66
Prod301,Cus001,Mark001,2019-05-28,2,787,INR,0.38,299.06,487.94
Prod269,Cus001,Mark001,2019-06-14,2,491,INR,0.03,14.73,476.27
Prod270,Cus001,Mark001,2019-06-14,2,491,INR,0.09,44.19,446.81
Prod273,Cus001,Mark001,2019-06-14,2,227,INR,-0.12,-27.24,254.24
Prod276,Cus001,Mark001,2019-06-14,2,769,INR,-0.09,-69.21,838.21
Prod278,Cus001,Mark001,2019-06-14,2,856,INR,-0.12,-102.72,958.72
Prod298,Cus001,Mark001,2019-06-14,2,1514,INR,0.16,242.24,1271.76
Prod302,Cus001,Mark001,2019-06-14,2,407,INR,0.26,105.82,301.18
Prod269,Cus001,Mark001,2019-07-11,2,491,INR,0.23,112.93,378.07
Prod278,Cus001,Mark001,2019-07-11,2,856,INR,-0.15,-128.4,984.4
Prod279,Cus001,Mark001,2019-07-11,2,856,INR,-0.12,-102.72,958.72
Prod298,Cus001,Mark001,2019-07-11,2,1514,INR,-0.23,-348.22,1862.22
Prod303,Cus001,Mark001,2019-07-11,2,625,INR,0.34,212.5,412.5
Prod275,Cus001,Mark001,2019-08-13,2,1315,INR,-0.14,-184.1,1499.1
Prod270,Cus001,Mark001,2019-09-11,2,491,INR,-0.33,-162.03,653.03
Prod269,Cus001,Mark001,2019-10-11,2,491,INR,0.09,44.19,446.81
Prod275,Cus001,Mark001,2019-11-14,2,1315,INR,0.13,170.95,1144.05
Prod276,Cus001,Mark001,2019-11-14,2,769,INR,0.33,253.77,515.23
Prod279,Cus001,Mark001,2019-11-14,2,856,INR,0.24,205.44,650.56
Prod302,Cus001,Mark001,2019-11-14,2,407,INR,0.15,61.05,345.95
Prod269,Cus001,Mark001,2019-11-20,2,491,INR,-0.3,-147.3,638.3
Prod270,Cus001,Mark001,2019-11-20,2,491,INR,-0.01,-4.91,495.91
Prod269,Cus001,Mark001,2019-12-10,2,491,INR,-0.34,-166.94,657.94
Prod270,Cus001,Mark001,2019-12-10,2,491,INR,0.08,39.28,451.72
Prod276,Cus001,Mark001,2019-12-10,2,769,INR,-0.29,-223.01,992.01
Prod298,Cus001,Mark001,2019-12-10,2,1514,INR,0.14,211.96,1302.04
Prod301,Cus001,Mark001,2019-12-10,2,787,INR,0.01,7.87,779.13
Prod302,Cus001,Mark001,2019-12-10,2,458,INR,-0.15,-68.7,526.7
Prod279,Cus001,Mark001,2020-01-17,2,856,INR,-0.15,-128.4,984.4
Prod128,Cus001,Mark001,2020-01-20,2,694,INR,-0.29,-201.26,895.26
Prod278,Cus001,Mark001,2020-01-20,2,856,INR,0.04,34.24,821.76
Prod290,Cus001,Mark001,2020-01-20,2,745,INR,-0.19,-141.55,886.55
Prod270,Cus001,Mark001,2020-01-28,2,491,INR,-0.13,-63.83,554.83
Prod303,Cus001,Mark001,2020-01-28,2,625,INR,-0.35,-218.75,843.75
Prod273,Cus001,Mark001,2020-02-13,2,227,INR,-0.28,-63.56,290.56
Prod278,Cus001,Mark001,2020-02-13,2,856,INR,0.33,282.48,573.52
Prod278,Cus001,Mark001,2020-03-12,2,856,INR,0.24,205.44,650.56
Prod298,Cus001,Mark001,2020-03-12,2,1514,INR,0,0,1514
Prod279,Cus001,Mark001,2020-04-09,2,856,INR,-0.05,-42.8,898.8
Prod301,Cus001,Mark001,2020-04-09,2,787,INR,-0.07,-55.09,842.09
Prod303,Cus001,Mark001,2020-04-09,2,625,INR,0.28,175,450
Prod300,Cus001,Mark001,2020-04-23,2,134,INR,-0.27,-36.18,170.18
Prod278,Cus001,Mark001,2020-05-18,2,856,INR,0.16,136.96,719.04
Prod279,Cus001,Mark001,2020-05-18,2,856,INR,-0.35,-299.6,1155.6
Prod290,Cus001,Mark001,2020-05-18,2,745,INR,-0.32,-238.4,983.4
Prod298,Cus001,Mark001,2020-05-18,2,1514,INR,0.13,196.82,1317.18
Prod302,Cus001,Mark001,2020-05-18,2,560,INR,0.32,179.2,380.8
Prod296,Cus001,Mark001,2020-06-12,2,935,INR,0.33,308.55,626.45
Prod276,Cus001,Mark001,2020-06-18,2,769,INR,0.35,269.15,499.85
Prod126,Cus001,Mark001,2017-11-06,3,194,INR,-0.33,-64.02,258.02
Prod110,Cus001,Mark001,2017-11-14,3,2384,INR,0.12,286.08,2097.92
Prod265,Cus001,Mark001,2017-12-11,3,1042,INR,-0.26,-270.92,1312.92
Prod101,Cus001,Mark001,2017-12-27,3,639,INR,0.34,217.26,421.74
Prod310,Cus001,Mark001,2018-01-10,3,2477,INR,0.38,941.26,1535.74
Prod110,Cus001,Mark001,2018-04-11,3,2384,INR,0.32,762.88,1621.12
Prod310,Cus001,Mark001,2018-05-30,3,2218,INR,-0.3,-665.4,2883.4
Prod302,Cus001,Mark001,2018-06-11,3,713,INR,-0.14,-99.82,812.82
Prod110,Cus001,Mark001,2018-06-28,3,2981,INR,-0.24,-715.44,3696.44
Prod265,Cus001,Mark001,2018-08-15,3,1282,INR,-0.3,-384.6,1666.6
Prod271,Cus001,Mark001,2018-10-10,3,449,INR,-0.13,-58.37,507.37
Prod303,Cus001,Mark001,2018-12-06,3,1176,INR,0.05,58.8,1117.2
Prod310,Cus001,Mark001,2018-12-06,3,2218,INR,0.07,155.26,2062.74
Prod310,Cus001,Mark001,2019-01-10,3,2218,INR,-0.35,-776.3,2994.3
Prod310,Cus001,Mark001,2019-03-14,3,2218,INR,-0.05,-110.9,2328.9
Prod265,Cus001,Mark001,2019-05-13,3,1282,INR,-0.05,-64.1,1346.1
Prod303,Cus001,Mark001,2019-06-07,3,1176,INR,0.32,376.32,799.68
Prod127,Cus001,Mark001,2020-04-09,3,194,INR,-0.17,-32.98,226.98
Prod308,Cus001,Mark001,2020-04-15,3,1375,INR,-0.1,-137.5,1512.5
Prod127,Cus001,Mark001,2020-05-18,3,194,INR,0.02,3.88,190.12
Prod110,Cus001,Mark001,2020-06-11,3,2384,INR,0.36,858.24,1525.76
Prod001,Cus001,Mark001,2017-10-10,100,41241,INR,0.39,16083.99,25157.01
Prod013,Cus001,Mark001,2017-10-10,240,143560,INR,0.12,17227.2,126332.8
Prod020,Cus001,Mark001,2017-10-10,140,153019,INR,-0.25,-38254.75,191273.75
Prod090,Cus001,Mark001,2017-10-10,67,2685,INR,0.21,563.85,2121.15
Prod133,Cus001,Mark001,2017-10-10,66,33231,INR,0.12,3987.72,29243.28
Prod197,Cus001,Mark001,2017-10-10,110,39778,INR,-0.06,-2386.68,42164.68
Prod286,Cus001,Mark001,2017-10-10,33,3556,INR,0.05,177.8,3378.2
Prod304,Cus001,Mark001,2017-10-10,200,73880,INR,-0.12,-8865.6,82745.6
Prod316,Cus001,Mark001,2017-10-10,40,22167,INR,0,0,22167
Prod090,Cus001,Mark001,2017-10-20,67,2685,INR,0.14,375.9,2309.1
Prod106,Cus001,Mark001,2017-10-20,9,6681,INR,-0.1,-668.1,7349.1
Prod117,Cus001,Mark001,2017-10-20,107,9704,INR,0.03,291.12,9412.88
Prod129,Cus001,Mark001,2017-10-20,48,10495,INR,0.32,3358.4,7136.6
Prod157,Cus001,Mark001,2017-10-20,73,40634,INR,0.28,11377.52,29256.48
Prod192,Cus001,Mark001,2017-10-20,53,13787,INR,0.3,4136.1,9650.9
Prod292,Cus001,Mark001,2017-10-20,58,20505,INR,-0.33,-6766.65,27271.65
Prod324,Cus001,Mark001,2017-10-20,47,47417,INR,-0.11,-5215.87,52632.87
Prod020,Cus001,Mark001,2017-10-25,47,51005,INR,0.4,20402,30603
Prod106,Cus001,Mark001,2017-10-25,19,13343,INR,0.29,3869.47,9473.53
Prod134,Cus001,Mark001,2017-10-25,6,1787,INR,-0.11,-196.57,1983.57
Prod197,Cus001,Mark001,2017-10-25,50,18551,INR,-0.29,-5379.79,23930.79
Prod117,Cus001,Mark001,2017-10-27,213,19412,INR,-0.19,-3688.28,23100.28
Prod295,Cus001,Mark001,2017-10-27,77,7431,INR,-0.27,-2006.37,9437.37
Prod297,Cus001,Mark001,2017-10-27,19,6833,INR,-0.18,-1229.94,8062.94
Prod316,Cus001,Mark001,2017-10-27,160,88657,INR,0.28,24823.96,63833.04
Prod106,Cus001,Mark001,2017-11-03,19,13343,INR,0.02,266.86,13076.14
Prod133,Cus001,Mark001,2017-11-03,6,4736,INR,0.23,1089.28,3646.72
Prod197,Cus001,Mark001,2017-11-03,53,19787,INR,0.34,6727.58,13059.42
Prod105,Cus001,Mark001,2017-11-06,77,9602,INR,0.17,1632.34,7969.66
Prod113,Cus001,Mark001,2017-11-06,12,1333,INR,0.38,506.54,826.46
Prod117,Cus001,Mark001,2017-11-06,267,24264,INR,0.33,8007.12,16256.88
Prod129,Cus001,Mark001,2017-11-06,48,10495,INR,-0.16,-1679.2,12174.2
Prod197,Cus001,Mark001,2017-11-06,53,17722,INR,0.25,4430.5,13291.5
Prod310,Cus001,Mark001,2017-11-06,37,27222,INR,-0.18,-4899.96,32121.96
Prod020,Cus001,Mark001,2017-11-14,47,51005,INR,0.16,8160.8,42844.2
Prod254,Cus001,Mark001,2017-11-16,75,8324,INR,-0.17,-1415.08,9739.08
Prod271,Cus001,Mark001,2017-11-16,13,2222,INR,0.02,44.44,2177.56
Prod288,Cus001,Mark001,2017-11-16,21,3495,INR,0.12,419.4,3075.6
Prod324,Cus001,Mark001,2017-11-16,23,23708,INR,0.07,1659.56,22048.44
Prod101,Cus001,Mark001,2017-12-11,50,9593,INR,0.16,1534.88,8058.12
Prod105,Cus001,Mark001,2017-12-11,12,1463,INR,0.34,497.42,965.58
Prod113,Cus001,Mark001,2017-12-11,6,667,INR,0.08,53.36,613.64
Prod254,Cus001,Mark001,2017-12-11,65,7282,INR,-0.35,-2548.7,9830.7
Prod263,Cus001,Mark001,2017-12-11,8,1079,INR,0.17,183.43,895.57
Prod271,Cus001,Mark001,2017-12-11,26,4444,INR,0.2,888.8,3555.2
Prod286,Cus001,Mark001,2017-12-11,33,3556,INR,0.34,1209.04,2346.96
Prod288,Cus001,Mark001,2017-12-11,21,3495,INR,0.26,908.7,2586.3
Prod107,Cus001,Mark001,2017-12-13,400,316611,INR,-0.19,-60156.09,376767.09
Prod133,Cus001,Mark001,2017-12-13,12,9468,INR,0.03,284.04,9183.96
Prod090,Cus001,Mark001,2017-12-27,200,8051,INR,0.13,1046.63,7004.37
Prod106,Cus001,Mark001,2017-12-27,9,6681,INR,0.03,200.43,6480.57
Prod297,Cus001,Mark001,2017-12-27,19,6833,INR,-0.19,-1298.27,8131.27
Prod134,Cus001,Mark001,2018-01-04,6,1787,INR,-0.1,-178.7,1965.7
Prod159,Cus001,Mark001,2018-01-04,400,164972,INR,0.04,6598.88,158373.12
Prod339,Cus001,Mark001,2018-01-04,23,15389,INR,-0.21,-3231.69,18620.69
Prod040,Cus001,Mark001,2018-01-05,240,168245,INR,-0.34,-57203.3,225448.3
Prod308,Cus001,Mark001,2018-01-05,263,108606,INR,-0.31,-33667.86,142273.86
Prod310,Cus001,Mark001,2018-01-05,20,14847,INR,-0.03,-445.41,15292.41
Prod316,Cus001,Mark001,2018-01-05,40,24745,INR,0.19,4701.55,20043.45
Prod319,Cus001,Mark001,2018-01-05,440,272204,INR,-0.2,-54440.8,326644.8
Prod308,Cus001,Mark001,2018-01-10,50,20620,INR,0.31,6392.2,14227.8
Prod319,Cus001,Mark001,2018-01-10,120,74236,INR,-0.33,-24497.88,98733.88
Prod339,Cus001,Mark001,2018-01-10,23,15389,INR,0.13,2000.57,13388.43
Prod040,Cus001,Mark001,2018-01-12,167,104648,INR,-0.14,-14650.72,119298.72
Prod126,Cus001,Mark001,2018-01-12,4,259,INR,0.25,64.75,194.25
Prod159,Cus001,Mark001,2018-01-12,223,82500,INR,0.26,21450,61050
Prod254,Cus001,Mark001,2018-01-12,56,6245,INR,0.25,1561.25,4683.75
Prod273,Cus001,Mark001,2018-01-12,6,676,INR,0.35,236.6,439.4
Prod286,Cus001,Mark001,2018-01-12,33,3556,INR,0.14,497.84,3058.16
Prod300,Cus001,Mark001,2018-01-12,26,4704,INR,0.09,423.36,4280.64
Prod319,Cus001,Mark001,2018-01-12,120,66491,INR,-0.29,-19282.39,85773.39
Prod324,Cus001,Mark001,2018-01-12,47,47417,INR,0.25,11854.25,35562.75
Prod040,Cus001,Mark001,2018-01-15,240,168245,INR,-0.19,-31966.55,200211.55
Prod101,Cus001,Mark001,2018-01-15,7,1843,INR,-0.3,-552.9,2395.9
Prod106,Cus001,Mark001,2018-01-15,19,38398,INR,0.17,6527.66,31870.34
Prod133,Cus001,Mark001,2018-01-15,6,15833,INR,0.12,1899.96,13933.04
Prod328,Cus001,Mark001,2018-01-15,127,143694,INR,-0.02,-2873.88,146567.88
Prod288,Cus001,Mark001,2018-01-26,85,13981,INR,0.2,2796.2,11184.8
Prod297,Cus001,Mark001,2018-01-26,19,6833,INR,0.37,2528.21,4304.79
Prod324,Cus001,Mark001,2018-01-26,140,142250,INR,-0.06,-8535,150785
Prod040,Cus001,Mark001,2018-01-30,193,135532,INR,0.3,40659.6,94872.4
Prod328,Cus001,Mark001,2018-01-30,40,45375,INR,-0.13,-5898.75,51273.75
Prod159,Cus001,Mark001,2018-02-02,200,82486,INR,0.22,18146.92,64339.08
Prod328,Cus001,Mark001,2018-02-02,160,181509,INR,0.07,12705.63,168803.37
Prod090,Cus001,Mark001,2018-02-08,167,6708,INR,0.37,2481.96,4226.04
Prod113,Cus001,Mark001,2018-02-08,12,1333,INR,0.38,506.54,826.46
Prod129,Cus001,Mark001,2018-02-08,6,2264,INR,0.28,633.92,1630.08
Prod281,Cus001,Mark001,2018-02-08,10,1014,INR,-0.02,-20.28,1034.28
Prod040,Cus001,Mark001,2018-02-12,40,28042,INR,0.27,7571.34,20470.66
Prod133,Cus001,Mark001,2018-02-12,6,4736,INR,0,0,4736
Prod159,Cus001,Mark001,2018-02-12,53,21995,INR,-0.35,-7698.25,29693.25
Prod308,Cus001,Mark001,2018-02-12,73,30245,INR,-0.23,-6956.35,37201.35
Prod319,Cus001,Mark001,2018-02-12,440,272204,INR,0.25,68051,204153
Prod040,Cus001,Mark001,2018-02-13,40,25116,INR,-0.29,-7283.64,32399.64
Prod101,Cus001,Mark001,2018-02-13,27,5116,INR,0.21,1074.36,4041.64
Prod117,Cus001,Mark001,2018-02-13,53,4852,INR,0.07,339.64,4512.36
Prod129,Cus001,Mark001,2018-02-13,96,20986,INR,0.28,5876.08,15109.92
Prod133,Cus001,Mark001,2018-02-13,24,12083,INR,-0.2,-2416.6,14499.6
Prod159,Cus001,Mark001,2018-02-13,67,24625,INR,0.15,3693.75,20931.25
Prod254,Cus001,Mark001,2018-02-13,19,2083,INR,-0.03,-62.49,2145.49
Prod271,Cus001,Mark001,2018-02-13,26,4444,INR,0.38,1688.72,2755.28
Prod300,Cus001,Mark001,2018-02-13,51,2991,INR,-0.2,-598.2,3589.2
Prod308,Cus001,Mark001,2018-02-13,80,29551,INR,0.18,5319.18,24231.82
Prod310,Cus001,Mark001,2018-02-13,40,26602,INR,-0.01,-266.02,26868.02
Prod159,Cus001,Mark001,2018-02-21,208,85921,INR,-0.16,-13747.36,99668.36
Prod261,Cus001,Mark001,2018-02-21,443,70611,INR,-0.22,-15534.42,86145.42
Prod117,Cus001,Mark001,2018-02-22,267,24264,INR,-0.2,-4852.8,29116.8
Prod159,Cus001,Mark001,2018-02-22,60,22167,INR,-0.03,-665.01,22832.01
Prod261,Cus001,Mark001,2018-02-22,267,39722,INR,0.35,13902.7,25819.3
Prod264,Cus001,Mark001,2018-02-22,4,468,INR,0.27,126.36,341.64
Prod297,Cus001,Mark001,2018-02-22,19,6833,INR,-0.03,-204.99,7037.99
Prod101,Cus001,Mark001,2018-03-12,7,1843,INR,0.35,645.05,1197.95
Prod261,Cus001,Mark001,2018-03-12,90,14333,INR,-0.13,-1863.29,16196.29
Prod339,Cus001,Mark001,2018-03-12,93,61560,INR,-0.3,-18468,80028
Prod117,Cus001,Mark001,2018-03-13,27,2426,INR,0.36,873.36,1552.64
Prod159,Cus001,Mark001,2018-03-13,133,49255,INR,-0.35,-17239.25,66494.25
Prod254,Cus001,Mark001,2018-03-13,28,3120,INR,0.11,343.2,2776.8
Prod263,Cus001,Mark001,2018-03-13,30,4042,INR,0.16,646.72,3395.28
Prod264,Cus001,Mark001,2018-03-13,37,4662,INR,-0.24,-1118.88,5780.88
Prod275,Cus001,Mark001,2018-03-13,4,1972,INR,-0.15,-295.8,2267.8
Prod294,Cus001,Mark001,2018-03-13,13,1213,INR,0.27,327.51,885.49
Prod300,Cus001,Mark001,2018-03-13,26,1495,INR,0.21,313.95,1181.05
Prod159,Cus001,Mark001,2018-03-19,333,137477,INR,0.05,6873.85,130603.15
Prod319,Cus001,Mark001,2018-03-19,200,119722,INR,0.01,1197.22,118524.78
Prod129,Cus001,Mark001,2018-03-20,6,2264,INR,0.15,339.6,1924.4
Prod328,Cus001,Mark001,2018-03-20,47,51009,INR,0,0,51009
Prod106,Cus001,Mark001,2018-03-22,9,6681,INR,0.21,1403.01,5277.99
Prod113,Cus001,Mark001,2018-03-22,6,667,INR,0.19,126.73,540.27
Prod117,Cus001,Mark001,2018-03-22,80,7278,INR,-0.01,-72.78,7350.78
Prod133,Cus001,Mark001,2018-03-22,18,9065,INR,0.31,2810.15,6254.85
Prod254,Cus001,Mark001,2018-03-22,47,5204,INR,-0.31,-1613.24,6817.24
Prod264,Cus001,Mark001,2018-03-22,4,468,INR,0.35,163.8,304.2
Prod271,Cus001,Mark001,2018-03-22,13,2222,INR,0.39,866.58,1355.42
Prod286,Cus001,Mark001,2018-03-22,33,3556,INR,0.19,675.64,2880.36
Prod319,Cus001,Mark001,2018-03-22,40,22167,INR,0.28,6206.76,15960.24
Prod040,Cus001,Mark001,2018-04-03,480,336495,INR,0.15,50474.25,286020.75
Prod159,Cus001,Mark001,2018-04-03,287,118227,INR,-0.27,-31921.29,150148.29
Prod246,Cus001,Mark001,2018-04-03,264,16921,INR,-0.27,-4568.67,21489.67
Prod261,Cus001,Mark001,2018-04-03,67,9931,INR,-0.14,-1390.34,11321.34
Prod159,Cus001,Mark001,2018-04-09,140,51718,INR,0,0,51718
Prod232,Cus001,Mark001,2018-04-09,1259,103972,INR,0.22,22873.84,81098.16
Prod236,Cus001,Mark001,2018-04-09,839,69333,INR,0.22,15253.26,54079.74
Prod254,Cus001,Mark001,2018-04-09,37,4162,INR,0.04,166.48,3995.52
Prod271,Cus001,Mark001,2018-04-09,38,6667,INR,-0.16,-1066.72,7733.72
Prod273,Cus001,Mark001,2018-04-09,4,449,INR,-0.23,-103.27,552.27
Prod286,Cus001,Mark001,2018-04-09,33,3556,INR,-0.09,-320.04,3876.04
Prod126,Cus001,Mark001,2018-04-09,176,11505,INR,-0.24,-2761.2,14266.2
Prod101,Cus001,Mark001,2018-04-09,53,10231,INR,0.27,2762.37,7468.63
Prod106,Cus001,Mark001,2018-04-11,19,13343,INR,-0.29,-3869.47,17212.47
Prod159,Cus001,Mark001,2018-04-11,7,2750,INR,0.35,962.5,1787.5
Prod117,Cus001,Mark001,2018-04-12,158,14407,INR,0.2,2881.4,11525.6
Prod129,Cus001,Mark001,2018-04-12,96,20986,INR,-0.17,-3567.62,24553.62
Prod292,Cus001,Mark001,2018-04-12,19,6833,INR,-0.11,-751.63,7584.63
Prod294,Cus001,Mark001,2018-04-12,96,8736,INR,0.3,2620.8,6115.2
Prod062,Cus001,Mark001,2018-04-18,165,29569,INR,0.03,887.07,28681.93
Prod105,Cus001,Mark001,2018-04-18,12,1463,INR,0.06,87.78,1375.22
Prod129,Cus001,Mark001,2018-04-18,6,2264,INR,0,0,2264
Prod133,Cus001,Mark001,2018-04-18,12,6042,INR,-0.12,-725.04,6767.04
Prod157,Cus001,Mark001,2018-04-18,7,3694,INR,0.36,1329.84,2364.16
Prod159,Cus001,Mark001,2018-04-18,140,51718,INR,-0.35,-18101.3,69819.3
Prod308,Cus001,Mark001,2018-04-18,23,9625,INR,0.1,962.5,8662.5
Prod090,Cus001,Mark001,2018-04-23,12,2046,INR,-0.02,-40.92,2086.92
Prod159,Cus001,Mark001,2018-04-24,147,60491,INR,-0.27,-16332.57,76823.57
Prod040,Cus001,Mark001,2018-04-27,120,75347,INR,-0.13,-9795.11,85142.11
Prod159,Cus001,Mark001,2018-04-27,13,4926,INR,0.32,1576.32,3349.68
Prod316,Cus001,Mark001,2018-04-27,40,22167,INR,-0.35,-7758.45,29925.45
Prod040,Cus001,Mark001,2018-04-30,120,84125,INR,-0.29,-24396.25,108521.25
Prod159,Cus001,Mark001,2018-04-30,120,49491,INR,-0.21,-10393.11,59884.11
Prod101,Cus001,Mark001,2018-05-08,7,1843,INR,0.09,165.87,1677.13
Prod129,Cus001,Mark001,2018-05-08,6,2264,INR,0.34,769.76,1494.24
Prod308,Cus001,Mark001,2018-05-08,10,4125,INR,0.08,330,3795
Prod328,Cus001,Mark001,2018-05-08,53,60505,INR,0.06,3630.3,56874.7
Prod106,Cus001,Mark001,2018-05-15,28,20014,INR,-0.14,-2801.96,22815.96
Prod304,Cus001,Mark001,2018-05-15,7,2750,INR,0.15,412.5,2337.5
Prod328,Cus001,Mark001,2018-05-15,40,45375,INR,-0.08,-3630,49005
Prod040,Cus001,Mark001,2018-05-16,160,100463,INR,0.15,15069.45,85393.55
Prod101,Cus001,Mark001,2018-05-16,4,769,INR,-0.13,-99.97,868.97
Prod105,Cus001,Mark001,2018-05-16,23,2921,INR,-0.06,-175.26,3096.26
Prod117,Cus001,Mark001,2018-05-16,160,14556,INR,-0.29,-4221.24,18777.24
Prod157,Cus001,Mark001,2018-05-16,27,14778,INR,0.34,5024.52,9753.48
Prod263,Cus001,Mark001,2018-05-16,24,3231,INR,-0.11,-355.41,3586.41
Prod264,Cus001,Mark001,2018-05-16,33,4199,INR,0.31,1301.69,2897.31
Prod270,Cus001,Mark001,2018-05-16,7,1468,INR,-0.33,-484.44,1952.44
Prod271,Cus001,Mark001,2018-05-16,26,4444,INR,-0.21,-933.24,5377.24
Prod281,Cus001,Mark001,2018-05-16,10,1014,INR,0.13,131.82,882.18
Prod288,Cus001,Mark001,2018-05-16,21,3495,INR,0.17,594.15,2900.85
Prod295,Cus001,Mark001,2018-05-16,72,7347,INR,-0.18,-1322.46,8669.46
Prod297,Cus001,Mark001,2018-05-16,19,6833,INR,0.05,341.65,6491.35
Prod300,Cus001,Mark001,2018-05-16,51,2991,INR,0.39,1166.49,1824.51
Prod310,Cus001,Mark001,2018-05-16,27,17736,INR,0.11,1950.96,15785.04
Prod319,Cus001,Mark001,2018-05-16,40,22167,INR,-0.05,-1108.35,23275.35
Prod113,Cus001,Mark001,2018-05-18,6,667,INR,-0.01,-6.67,673.67
Prod296,Cus001,Mark001,2018-05-18,12,4681,INR,-0.12,-561.72,5242.72
Prod101,Cus001,Mark001,2018-05-30,23,4347,INR,-0.16,-695.52,5042.52
Prod117,Cus001,Mark001,2018-05-30,107,9704,INR,-0.09,-873.36,10577.36
Prod133,Cus001,Mark001,2018-05-30,36,18125,INR,0.01,181.25,17943.75
Prod254,Cus001,Mark001,2018-05-30,121,13528,INR,0.16,2164.48,11363.52
Prod308,Cus001,Mark001,2018-05-30,40,14778,INR,-0.11,-1625.58,16403.58
Prod113,Cus001,Mark001,2018-06-11,12,1333,INR,-0.23,-306.59,1639.59
Prod126,Cus001,Mark001,2018-06-11,15,981,INR,0.24,235.44,745.56
Prod129,Cus001,Mark001,2018-06-11,48,10495,INR,0.02,209.9,10285.1
Prod162,Cus001,Mark001,2018-06-11,373,73940,INR,0.35,25879,48061
Prod246,Cus001,Mark001,2018-06-11,16,1028,INR,-0.23,-236.44,1264.44
Prod254,Cus001,Mark001,2018-06-11,47,5204,INR,0.07,364.28,4839.72
Prod263,Cus001,Mark001,2018-06-11,8,1079,INR,0.36,388.44,690.56
Prod264,Cus001,Mark001,2018-06-11,11,1398,INR,0.19,265.62,1132.38
Prod271,Cus001,Mark001,2018-06-11,26,4444,INR,-0.24,-1066.56,5510.56
Prod286,Cus001,Mark001,2018-06-11,33,3556,INR,0.29,1031.24,2524.76
Prod288,Cus001,Mark001,2018-06-11,21,3495,INR,0.01,34.95,3460.05
Prod292,Cus001,Mark001,2018-06-11,19,6833,INR,0.02,136.66,6696.34
Prod297,Cus001,Mark001,2018-06-11,19,6833,INR,-0.28,-1913.24,8746.24
Prod316,Cus001,Mark001,2018-06-11,40,22167,INR,0.28,6206.76,15960.24
Prod090,Cus001,Mark001,2018-06-19,7,1134,INR,0.09,102.06,1031.94
Prod129,Cus001,Mark001,2018-06-19,6,2264,INR,0.25,566,1698
Prod308,Cus001,Mark001,2018-06-19,23,9625,INR,-0.15,-1443.75,11068.75
Prod328,Cus001,Mark001,2018-06-21,23,26468,INR,-0.28,-7411.04,33879.04
Prod106,Cus001,Mark001,2018-06-27,9,6681,INR,-0.02,-133.62,6814.62
Prod117,Cus001,Mark001,2018-06-27,53,4852,INR,0.3,1455.6,3396.4
Prod283,Cus001,Mark001,2018-06-27,9,690,INR,-0.26,-179.4,869.4
Prod016,Cus001,Mark001,2018-06-28,187,115481,INR,0.12,13857.72,101623.28
Prod319,Cus001,Mark001,2018-06-28,40,24745,INR,0.17,4206.65,20538.35
Prod339,Cus001,Mark001,2018-06-28,56,36935,INR,-0.3,-11080.5,48015.5
Prod133,Cus001,Mark001,2018-07-12,6,4736,INR,0.31,1468.16,3267.84
Prod328,Cus001,Mark001,2018-07-12,47,52940,INR,-0.14,-7411.6,60351.6
Prod133,Cus001,Mark001,2018-07-13,12,6042,INR,-0.15,-906.3,6948.3
Prod246,Cus001,Mark001,2018-07-13,80,5130,INR,-0.17,-872.1,6002.1
Prod308,Cus001,Mark001,2018-07-13,40,14778,INR,0.01,147.78,14630.22
Prod310,Cus001,Mark001,2018-07-13,10,6648,INR,-0.24,-1595.52,8243.52
Prod339,Cus001,Mark001,2018-07-24,67,43972,INR,-0.13,-5716.36,49688.36
Prod106,Cus001,Mark001,2018-07-30,19,13366,INR,0.37,4945.42,8420.58
Prod117,Cus001,Mark001,2018-07-30,160,14556,INR,0.08,1164.48,13391.52
Prod246,Cus001,Mark001,2018-07-30,80,5130,INR,-0.05,-256.5,5386.5
Prod254,Cus001,Mark001,2018-07-30,28,3120,INR,0.04,124.8,2995.2
Prod286,Cus001,Mark001,2018-07-30,33,3556,INR,0.09,320.04,3235.96
Prod288,Cus001,Mark001,2018-07-30,21,3495,INR,0.26,908.7,2586.3
Prod294,Cus001,Mark001,2018-07-30,32,2912,INR,0.3,873.6,2038.4
Prod300,Cus001,Mark001,2018-07-30,26,1495,INR,-0.21,-313.95,1808.95
Prod162,Cus001,Mark001,2018-08-06,133,27431,INR,0.06,1645.86,25785.14
Prod319,Cus001,Mark001,2018-08-06,227,140227,INR,-0.21,-29447.67,169674.67
Prod133,Cus001,Mark001,2018-08-08,18,14204,INR,-0.33,-4687.32,18891.32
Prod040,Cus001,Mark001,2018-08-15,400,251162,INR,-0.18,-45209.16,296371.16
Prod090,Cus001,Mark001,2018-08-15,67,2685,INR,0.28,751.8,1933.2
Prod113,Cus001,Mark001,2018-08-15,12,1333,INR,0.21,279.93,1053.07
Prod129,Cus001,Mark001,2018-08-15,96,20986,INR,-0.22,-4616.92,25602.92
Prod133,Cus001,Mark001,2018-08-15,24,12083,INR,0.16,1933.28,10149.72
Prod271,Cus001,Mark001,2018-08-15,38,6667,INR,0.38,2533.46,4133.54
Prod273,Cus001,Mark001,2018-08-15,4,454,INR,-0.33,-149.82,603.82
Prod280,Cus001,Mark001,2018-08-15,10,981,INR,-0.06,-58.86,1039.86
Prod288,Cus001,Mark001,2018-08-15,21,3495,INR,-0.17,-594.15,4089.15
Prod292,Cus001,Mark001,2018-08-15,38,13671,INR,0.02,273.42,13397.58
Prod294,Cus001,Mark001,2018-08-15,32,2912,INR,0.36,1048.32,1863.68
Prod297,Cus001,Mark001,2018-08-15,19,6833,INR,0.3,2049.9,4783.1
Prod300,Cus001,Mark001,2018-08-15,51,2991,INR,0.26,777.66,2213.34
Prod303,Cus001,Mark001,2018-08-15,9,3046,INR,0.02,60.92,2985.08
Prod308,Cus001,Mark001,2018-08-15,120,44329,INR,0.24,10638.96,33690.04
Prod110,Cus001,Mark001,2018-08-21,8,7153,INR,0.39,2789.67,4363.33
Prod308,Cus001,Mark001,2018-08-21,167,68736,INR,-0.21,-14434.56,83170.56
Prod328,Cus001,Mark001,2018-08-21,70,79407,INR,0.25,19851.75,59555.25
Prod157,Cus001,Mark001,2018-08-23,20,11083,INR,-0.34,-3768.22,14851.22
Prod246,Cus001,Mark001,2018-08-23,64,4102,INR,-0.13,-533.26,4635.26
Prod254,Cus001,Mark001,2018-08-23,56,6245,INR,0.09,562.05,5682.95
Prod263,Cus001,Mark001,2018-08-23,16,2157,INR,0.15,323.55,1833.45
Prod265,Cus001,Mark001,2018-08-23,13,5134,INR,-0.25,-1283.5,6417.5
Prod273,Cus001,Mark001,2018-08-23,4,449,INR,0.06,26.94,422.06
Prod310,Cus001,Mark001,2018-08-23,17,11083,INR,-0.16,-1773.28,12856.28
Prod316,Cus001,Mark001,2018-08-23,200,110819,INR,0.22,24380.18,86438.82
Prod316,Cus001,Mark001,2018-08-28,40,24745,INR,0.17,4206.65,20538.35
Prod283,Cus001,Mark001,2018-08-31,9,713,INR,0.12,85.56,627.44
Prod288,Cus001,Mark001,2018-08-31,43,6991,INR,-0.05,-349.55,7340.55
Prod295,Cus001,Mark001,2018-08-31,38,3917,INR,-0.1,-391.7,4308.7
Prod106,Cus001,Mark001,2018-09-05,28,20014,INR,0.09,1801.26,18212.74
Prod319,Cus001,Mark001,2018-09-10,637,393866,INR,0.07,27570.62,366295.38
Prod159,Cus001,Mark001,2018-09-11,93,38495,INR,0.01,384.95,38110.05
Prod308,Cus001,Mark001,2018-09-11,80,32995,INR,-0.33,-10888.35,43883.35
Prod316,Cus001,Mark001,2018-09-11,80,49491,INR,-0.22,-10888.02,60379.02
Prod113,Cus001,Mark001,2018-09-12,6,667,INR,0.15,100.05,566.95
Prod117,Cus001,Mark001,2018-09-12,53,4852,INR,-0.27,-1310.04,6162.04
Prod129,Cus001,Mark001,2018-09-12,48,10495,INR,-0.35,-3673.25,14168.25
Prod133,Cus001,Mark001,2018-09-12,18,9065,INR,0.07,634.55,8430.45
Prod254,Cus001,Mark001,2018-09-12,65,7282,INR,-0.09,-655.38,7937.38
Prod264,Cus001,Mark001,2018-09-12,11,1398,INR,0.12,167.76,1230.24
Prod286,Cus001,Mark001,2018-09-12,33,3556,INR,-0.31,-1102.36,4658.36
Prod300,Cus001,Mark001,2018-09-12,26,1495,INR,0.22,328.9,1166.1
Prod308,Cus001,Mark001,2018-09-12,40,14778,INR,0.24,3546.72,11231.28
Prod159,Cus001,Mark001,2018-09-19,120,49491,INR,-0.13,-6433.83,55924.83
Prod339,Cus001,Mark001,2018-09-19,23,15389,INR,0.34,5232.26,10156.74
Prod308,Cus001,Mark001,2018-09-24,80,29551,INR,-0.11,-3250.61,32801.61
Prod090,Cus001,Mark001,2018-09-28,51,8745,INR,0.14,1224.3,7520.7
Prod106,Cus001,Mark001,2018-09-28,56,40028,INR,0,0,40028
Prod117,Cus001,Mark001,2018-09-28,53,4852,INR,-0.02,-97.04,4949.04
Prod246,Cus001,Mark001,2018-09-28,32,2051,INR,-0.13,-266.63,2317.63
Prod271,Cus001,Mark001,2018-09-28,23,3991,INR,-0.17,-678.47,4669.47
Prod308,Cus001,Mark001,2018-09-28,51,21032,INR,-0.09,-1892.88,22924.88
Prod310,Cus001,Mark001,2018-09-28,10,7426,INR,0.4,2970.4,4455.6
Prod319,Cus001,Mark001,2018-09-28,163,101046,INR,0.3,30313.8,70732.2
Prod324,Cus001,Mark001,2018-09-28,140,142250,INR,0.27,38407.5,103842.5
Prod339,Cus001,Mark001,2018-09-28,93,61560,INR,-0.23,-14158.8,75718.8
Prod129,Cus001,Mark001,2018-10-10,48,10495,INR,-0.17,-1784.15,12279.15
Prod133,Cus001,Mark001,2018-10-10,42,21148,INR,-0.1,-2114.8,23262.8
Prod254,Cus001,Mark001,2018-10-10,37,4162,INR,-0.32,-1331.84,5493.84
Prod281,Cus001,Mark001,2018-10-10,10,1014,INR,0.23,233.22,780.78
Prod288,Cus001,Mark001,2018-10-10,43,6991,INR,-0.15,-1048.65,8039.65
Prod294,Cus001,Mark001,2018-10-10,32,2912,INR,0.24,698.88,2213.12
Prod310,Cus001,Mark001,2018-10-10,33,22167,INR,-0.11,-2438.37,24605.37
Prod040,Cus001,Mark001,2018-10-11,40,28042,INR,0.24,6730.08,21311.92
Prod162,Cus001,Mark001,2018-10-11,27,5486,INR,-0.11,-603.46,6089.46
Prod254,Cus001,Mark001,2018-10-22,7,745,INR,0.35,260.75,484.25
Prod271,Cus001,Mark001,2018-10-22,38,6667,INR,0.03,200.01,6466.99
Prod297,Cus001,Mark001,2018-10-22,38,13671,INR,0.21,2870.91,10800.09
Prod090,Cus001,Mark001,2018-10-31,133,5366,INR,-0.28,-1502.48,6868.48
Prod106,Cus001,Mark001,2018-10-31,9,6681,INR,0.15,1002.15,5678.85
Prod113,Cus001,Mark001,2018-10-31,6,667,INR,-0.13,-86.71,753.71
Prod117,Cus001,Mark001,2018-10-31,160,14556,INR,0.33,4803.48,9752.52
Prod246,Cus001,Mark001,2018-10-31,40,2565,INR,0.24,615.6,1949.4
Prod254,Cus001,Mark001,2018-10-31,49,5500,INR,-0.22,-1210,6710
Prod263,Cus001,Mark001,2018-10-31,16,2157,INR,-0.01,-21.57,2178.57
Prod264,Cus001,Mark001,2018-10-31,18,2333,INR,0.39,909.87,1423.13
Prod286,Cus001,Mark001,2018-10-31,33,3556,INR,0.03,106.68,3449.32
Prod295,Cus001,Mark001,2018-10-31,38,3917,INR,-0.02,-78.34,3995.34
Prod300,Cus001,Mark001,2018-10-31,26,1495,INR,0.08,119.6,1375.4
Prod324,Cus001,Mark001,2018-11-08,23,23708,INR,0.07,1659.56,22048.44
Prod328,Cus001,Mark001,2018-11-08,160,181509,INR,-0.14,-25411.26,206920.26
Prod044,Cus001,Mark001,2018-11-08,120,75347,INR,-0.35,-26371.45,101718.45
Prod090,Cus001,Mark001,2018-11-08,133,5366,INR,0,0,5366
Prod117,Cus001,Mark001,2018-11-08,107,9704,INR,0.24,2328.96,7375.04
Prod133,Cus001,Mark001,2018-11-08,6,4736,INR,-0.19,-899.84,5635.84
Prod157,Cus001,Mark001,2018-11-08,13,7389,INR,-0.25,-1847.25,9236.25
Prod162,Cus001,Mark001,2018-11-08,200,41144,INR,-0.04,-1645.76,42789.76
Prod254,Cus001,Mark001,2018-11-08,56,6245,INR,-0.25,-1561.25,7806.25
Prod263,Cus001,Mark001,2018-11-08,8,1079,INR,-0.3,-323.7,1402.7
Prod264,Cus001,Mark001,2018-11-08,11,1398,INR,0.24,335.52,1062.48
Prod271,Cus001,Mark001,2018-11-08,13,2222,INR,-0.18,-399.96,2621.96
Prod286,Cus001,Mark001,2018-11-08,33,3556,INR,-0.01,-35.56,3591.56
Prod288,Cus001,Mark001,2018-11-08,21,3495,INR,-0.15,-524.25,4019.25
Prod294,Cus001,Mark001,2018-11-08,32,2912,INR,0.03,87.36,2824.64
Prod300,Cus001,Mark001,2018-11-08,26,1495,INR,0.34,508.3,986.7
Prod303,Cus001,Mark001,2018-11-08,4,1384,INR,-0.03,-41.52,1425.52
Prod310,Cus001,Mark001,2018-11-08,17,11083,INR,0.2,2216.6,8866.4
Prod316,Cus001,Mark001,2018-11-08,240,132986,INR,0.16,21277.76,111708.24
Prod339,Cus001,Mark001,2018-11-14,120,79148,INR,0.39,30867.72,48280.28
Prod113,Cus001,Mark001,2018-11-15,6,667,INR,0.05,33.35,633.65
Prod117,Cus001,Mark001,2018-11-15,213,19412,INR,0.26,5047.12,14364.88
Prod126,Cus001,Mark001,2018-11-15,8,523,INR,0,0,523
Prod129,Cus001,Mark001,2018-11-15,48,10495,INR,0.18,1889.1,8605.9
Prod133,Cus001,Mark001,2018-11-15,18,9065,INR,-0.23,-2084.95,11149.95
Prod273,Cus001,Mark001,2018-11-15,6,227,INR,-0.33,-74.91,301.91
Prod292,Cus001,Mark001,2018-11-15,38,13667,INR,0.08,1093.36,12573.64
Prod339,Cus001,Mark001,2018-11-29,20,13190,INR,0.26,3429.4,9760.6
Prod062,Cus001,Mark001,2018-11-30,114,20431,INR,-0.2,-4086.2,24517.2
Prod117,Cus001,Mark001,2018-11-30,373,33968,INR,0.06,2038.08,31929.92
Prod062,Cus001,Mark001,2018-12-06,36,6449,INR,0.01,64.49,6384.51
Prod113,Cus001,Mark001,2018-12-06,6,667,INR,0.13,86.71,580.29
Prod117,Cus001,Mark001,2018-12-06,53,4852,INR,-0.28,-1358.56,6210.56
Prod133,Cus001,Mark001,2018-12-06,6,3023,INR,-0.17,-513.91,3536.91
Prod263,Cus001,Mark001,2018-12-06,8,1079,INR,-0.19,-205.01,1284.01
Prod302,Cus001,Mark001,2018-12-06,4,1023,INR,0.19,194.37,828.63
Prod319,Cus001,Mark001,2018-12-06,200,110819,INR,0.2,22163.8,88655.2
Prod339,Cus001,Mark001,2018-12-17,160,105532,INR,0.12,12663.84,92868.16
Prod044,Cus001,Mark001,2018-12-18,120,75347,INR,0.12,9041.64,66305.36
Prod062,Cus001,Mark001,2018-12-18,78,13977,INR,0.37,5171.49,8805.51
Prod090,Cus001,Mark001,2018-12-18,67,2685,INR,-0.14,-375.9,3060.9
Prod117,Cus001,Mark001,2018-12-18,53,4852,INR,0.17,824.84,4027.16
Prod129,Cus001,Mark001,2018-12-18,48,10495,INR,0.14,1469.3,9025.7
Prod246,Cus001,Mark001,2018-12-18,72,4616,INR,-0.24,-1107.84,5723.84
Prod254,Cus001,Mark001,2018-12-18,19,2083,INR,-0.22,-458.26,2541.26
Prod271,Cus001,Mark001,2018-12-18,38,6667,INR,0.09,600.03,6066.97
Prod288,Cus001,Mark001,2018-12-18,21,3495,INR,-0.2,-699,4194
Prod296,Cus001,Mark001,2018-12-18,7,2806,INR,0,0,2806
Prod297,Cus001,Mark001,2018-12-18,19,6833,INR,-0.13,-888.29,7721.29
Prod162,Cus001,Mark001,2019-01-09,27,5486,INR,0.23,1261.78,4224.22
Prod304,Cus001,Mark001,2019-01-09,70,28870,INR,-0.03,-866.1,29736.1
Prod316,Cus001,Mark001,2019-01-09,80,49491,INR,0.32,15837.12,33653.88
Prod324,Cus001,Mark001,2019-01-09,140,158819,INR,0.37,58763.03,100055.97
Prod106,Cus001,Mark001,2019-01-10,28,20046,INR,0.1,2004.6,18041.4
Prod157,Cus001,Mark001,2019-01-10,33,18472,INR,0.14,2586.08,15885.92
Prod316,Cus001,Mark001,2019-01-10,40,22167,INR,-0.33,-7315.11,29482.11
Prod113,Cus001,Mark001,2019-01-14,6,667,INR,-0.13,-86.71,753.71
Prod133,Cus001,Mark001,2019-01-14,24,12083,INR,-0.15,-1812.45,13895.45
Prod159,Cus001,Mark001,2019-01-14,20,7389,INR,-0.33,-2438.37,9827.37
Prod246,Cus001,Mark001,2019-01-14,64,4102,INR,-0.1,-410.2,4512.2
Prod263,Cus001,Mark001,2019-01-14,16,2157,INR,0.19,409.83,1747.17
Prod264,Cus001,Mark001,2019-01-14,15,1866,INR,0.27,503.82,1362.18
Prod271,Cus001,Mark001,2019-01-14,64,11111,INR,0.4,4444.4,6666.6
Prod286,Cus001,Mark001,2019-01-14,33,3556,INR,-0.27,-960.12,4516.12
Prod288,Cus001,Mark001,2019-01-14,21,3495,INR,0.3,1048.5,2446.5
Prod295,Cus001,Mark001,2019-01-14,38,3917,INR,0.14,548.38,3368.62
Prod300,Cus001,Mark001,2019-01-14,26,1495,INR,-0.35,-523.25,2018.25
Prod229,Cus001,Mark001,2019-01-24,107,25481,INR,-0.06,-1528.86,27009.86
Prod062,Cus001,Mark001,2019-01-30,52,9319,INR,0.03,279.57,9039.43
Prod117,Cus001,Mark001,2019-01-30,53,4852,INR,-0.1,-485.2,5337.2
Prod129,Cus001,Mark001,2019-01-30,48,10495,INR,0.3,3148.5,7346.5
Prod159,Cus001,Mark001,2019-01-30,40,14778,INR,-0.19,-2807.82,17585.82
Prod229,Cus001,Mark001,2019-01-30,367,87083,INR,-0.19,-16545.77,103628.77
Prod254,Cus001,Mark001,2019-01-30,103,11444,INR,-0.08,-915.52,12359.52
Prod044,Cus001,Mark001,2019-02-07,160,100463,INR,-0.2,-20092.6,120555.6
Prod117,Cus001,Mark001,2019-02-07,160,14556,INR,-0.1,-1455.6,16011.6
Prod324,Cus001,Mark001,2019-02-07,47,47417,INR,-0.27,-12802.59,60219.59
Prod324,Cus001,Mark001,2019-02-11,23,26468,INR,-0.33,-8734.44,35202.44
Prod090,Cus001,Mark001,2019-02-15,100,4023,INR,0.05,201.15,3821.85
Prod113,Cus001,Mark001,2019-02-15,6,667,INR,0.2,133.4,533.6
Prod117,Cus001,Mark001,2019-02-15,160,14556,INR,-0.22,-3202.32,17758.32
Prod126,Cus001,Mark001,2019-02-15,6,394,INR,0.23,90.62,303.38
Prod129,Cus001,Mark001,2019-02-15,48,10495,INR,0.08,839.6,9655.4
Prod133,Cus001,Mark001,2019-02-15,24,12083,INR,0.25,3020.75,9062.25
Prod159,Cus001,Mark001,2019-02-15,53,19704,INR,-0.19,-3743.76,23447.76
Prod246,Cus001,Mark001,2019-02-15,120,7690,INR,-0.11,-845.9,8535.9
Prod264,Cus001,Mark001,2019-02-15,15,1866,INR,-0.22,-410.52,2276.52
Prod271,Cus001,Mark001,2019-02-15,26,4444,INR,-0.04,-177.76,4621.76
Prod288,Cus001,Mark001,2019-02-15,21,3495,INR,-0.29,-1013.55,4508.55
Prod292,Cus001,Mark001,2019-02-15,19,6833,INR,-0.29,-1981.57,8814.57
Prod294,Cus001,Mark001,2019-02-15,32,2912,INR,0.16,465.92,2446.08
Prod297,Cus001,Mark001,2019-02-15,19,6833,INR,-0.31,-2118.23,8951.23
Prod300,Cus001,Mark001,2019-02-15,26,1495,INR,-0.16,-239.2,1734.2
Prod310,Cus001,Mark001,2019-02-15,20,13301,INR,-0.18,-2394.18,15695.18
Prod316,Cus001,Mark001,2019-02-28,40,24745,INR,-0.08,-1979.6,26724.6
Prod090,Cus001,Mark001,2019-03-01,33,1343,INR,0.21,282.03,1060.97
Prod117,Cus001,Mark001,2019-03-01,107,9704,INR,-0.16,-1552.64,11256.64
Prod254,Cus001,Mark001,2019-03-01,47,5204,INR,-0.14,-728.56,5932.56
Prod263,Cus001,Mark001,2019-03-01,8,1079,INR,0.28,302.12,776.88
Prod090,Cus001,Mark001,2019-03-14,200,8051,INR,0.09,724.59,7326.41
Prod246,Cus001,Mark001,2019-03-14,88,5639,INR,0.25,1409.75,4229.25
Prod254,Cus001,Mark001,2019-03-14,56,6241,INR,0.21,1310.61,4930.39
Prod295,Cus001,Mark001,2019-03-14,38,3917,INR,0.26,1018.42,2898.58
Prod304,Cus001,Mark001,2019-03-14,40,14778,INR,0.14,2068.92,12709.08
Prod324,Cus001,Mark001,2019-03-14,23,23708,INR,0.06,1422.48,22285.52
Prod328,Cus001,Mark001,2019-03-14,163,185287,INR,0.08,14822.96,170464.04
Prod113,Cus001,Mark001,2019-03-21,6,667,INR,-0.16,-106.72,773.72
Prod117,Cus001,Mark001,2019-03-21,213,19412,INR,0.23,4464.76,14947.24
Prod133,Cus001,Mark001,2019-03-21,30,15106,INR,-0.15,-2265.9,17371.9
Prod229,Cus001,Mark001,2019-03-21,77,17130,INR,0.01,171.3,16958.7
Prod269,Cus001,Mark001,2019-03-21,7,1468,INR,-0.33,-484.44,1952.44
Prod273,Cus001,Mark001,2019-03-21,8,903,INR,-0.03,-27.09,930.09
Prod286,Cus001,Mark001,2019-03-21,33,3556,INR,-0.03,-106.68,3662.68
Prod288,Cus001,Mark001,2019-03-21,21,3495,INR,0.4,1398,2097
Prod294,Cus001,Mark001,2019-03-21,32,2912,INR,-0.06,-174.72,3086.72
Prod319,Cus001,Mark001,2019-03-28,47,28870,INR,0.28,8083.6,20786.4
Prod117,Cus001,Mark001,2019-03-29,107,9704,INR,-0.35,-3396.4,13100.4
Prod319,Cus001,Mark001,2019-03-29,40,22167,INR,-0.25,-5541.75,27708.75
Prod319,Cus001,Mark001,2019-04-10,193,119602,INR,-0.15,-17940.3,137542.3
Prod328,Cus001,Mark001,2019-04-10,40,45375,INR,-0.05,-2268.75,47643.75
Prod339,Cus001,Mark001,2019-04-10,93,61560,INR,-0.25,-15390,76950
Prod106,Cus001,Mark001,2019-04-11,9,6681,INR,0.1,668.1,6012.9
Prod117,Cus001,Mark001,2019-04-11,213,19412,INR,0.09,1747.08,17664.92
Prod254,Cus001,Mark001,2019-04-11,65,7282,INR,0.06,436.92,6845.08
Prod286,Cus001,Mark001,2019-04-11,33,3556,INR,0.36,1280.16,2275.84
Prod300,Cus001,Mark001,2019-04-11,26,1495,INR,0.29,433.55,1061.45
Prod304,Cus001,Mark001,2019-04-11,40,14778,INR,0.24,3546.72,11231.28
Prod133,Cus001,Mark001,2019-04-15,6,4736,INR,-0.27,-1278.72,6014.72
Prod319,Cus001,Mark001,2019-04-15,360,222708,INR,0.31,69039.48,153668.52
Prod129,Cus001,Mark001,2019-04-18,48,10495,INR,-0.34,-3568.3,14063.3
Prod133,Cus001,Mark001,2019-04-18,24,12083,INR,-0.06,-724.98,12807.98
Prod229,Cus001,Mark001,2019-04-18,43,9681,INR,0.06,580.86,9100.14
Prod292,Cus001,Mark001,2019-04-18,19,6833,INR,0.34,2323.22,4509.78
Prod297,Cus001,Mark001,2019-04-18,19,6833,INR,-0.1,-683.3,7516.3
Prod300,Cus001,Mark001,2019-04-18,26,1495,INR,0.32,478.4,1016.6
Prod324,Cus001,Mark001,2019-04-18,23,23708,INR,0.26,6164.08,17543.92
Prod328,Cus001,Mark001,2019-04-23,53,60505,INR,-0.19,-11495.95,72000.95
Prod244,Cus001,Mark001,2019-04-26,240,15384,INR,-0.05,-769.2,16153.2
Prod288,Cus001,Mark001,2019-04-26,21,3495,INR,0.38,1328.1,2166.9
Prod296,Cus001,Mark001,2019-04-26,7,2810,INR,0.22,618.2,2191.8
Prod129,Cus001,Mark001,2019-05-13,48,10495,INR,-0.11,-1154.45,11649.45
Prod133,Cus001,Mark001,2019-05-13,6,3023,INR,-0.15,-453.45,3476.45
Prod244,Cus001,Mark001,2019-05-13,152,9741,INR,0.26,2532.66,7208.34
Prod264,Cus001,Mark001,2019-05-13,11,1398,INR,0.26,363.48,1034.52
Prod269,Cus001,Mark001,2019-05-13,7,1468,INR,-0.17,-249.56,1717.56
Prod271,Cus001,Mark001,2019-05-13,38,6667,INR,0.05,333.35,6333.65
Prod273,Cus001,Mark001,2019-05-13,4,449,INR,0.36,161.64,287.36
Prod283,Cus001,Mark001,2019-05-13,23,1782,INR,-0.14,-249.48,2031.48
Prod288,Cus001,Mark001,2019-05-13,21,3495,INR,0.02,69.9,3425.1
Prod290,Cus001,Mark001,2019-05-13,7,2231,INR,0.06,133.86,2097.14
Prod294,Cus001,Mark001,2019-05-13,64,5824,INR,0.32,1863.68,3960.32
Prod298,Cus001,Mark001,2019-05-13,10,6060,INR,0.31,1878.6,4181.4
Prod300,Cus001,Mark001,2019-05-13,11,644,INR,-0.25,-161,805
Prod302,Cus001,Mark001,2019-05-13,4,1023,INR,0.12,122.76,900.24
Prod308,Cus001,Mark001,2019-05-13,20,8250,INR,0.04,330,7920
Prod310,Cus001,Mark001,2019-05-13,23,15519,INR,-0.17,-2638.23,18157.23
Prod324,Cus001,Mark001,2019-05-13,23,23708,INR,-0.16,-3793.28,27501.28
Prod133,Cus001,Mark001,2019-05-16,6,4736,INR,0.39,1847.04,2888.96
Prod040,Cus001,Mark001,2019-05-28,80,50231,INR,0.03,1506.93,48724.07
Prod113,Cus001,Mark001,2019-05-28,6,667,INR,0.04,26.68,640.32
Prod286,Cus001,Mark001,2019-05-28,33,3556,INR,0.31,1102.36,2453.64
Prod300,Cus001,Mark001,2019-05-28,15,856,INR,-0.29,-248.24,1104.24
Prod328,Cus001,Mark001,2019-05-29,47,52940,INR,0.27,14293.8,38646.2
Prod040,Cus001,Mark001,2019-06-07,80,50231,INR,-0.07,-3516.17,53747.17
Prod159,Cus001,Mark001,2019-06-07,47,17241,INR,0.39,6723.99,10517.01
Prod295,Cus001,Mark001,2019-06-07,38,3917,INR,0.33,1292.61,2624.39
Prod304,Cus001,Mark001,2019-06-07,120,44329,INR,-0.15,-6649.35,50978.35
Prod308,Cus001,Mark001,2019-06-07,27,9852,INR,-0.19,-1871.88,11723.88
Prod310,Cus001,Mark001,2019-06-07,43,28819,INR,-0.11,-3170.09,31989.09
Prod319,Cus001,Mark001,2019-06-07,200,110819,INR,-0.34,-37678.46,148497.46
Prod324,Cus001,Mark001,2019-06-07,93,94833,INR,0.11,10431.63,84401.37
Prod162,Cus001,Mark001,2019-06-11,93,19199,INR,0.35,6719.65,12479.35
Prod244,Cus001,Mark001,2019-06-11,160,10255,INR,-0.22,-2256.1,12511.1
Prod308,Cus001,Mark001,2019-06-11,33,13745,INR,-0.3,-4123.5,17868.5
Prod328,Cus001,Mark001,2019-06-11,23,26468,INR,-0.35,-9263.8,35731.8
Prod113,Cus001,Mark001,2019-06-14,6,667,INR,0.14,93.38,573.62
Prod129,Cus001,Mark001,2019-06-14,96,20986,INR,-0.07,-1469.02,22455.02
Prod133,Cus001,Mark001,2019-06-14,30,15106,INR,0.36,5438.16,9667.84
Prod244,Cus001,Mark001,2019-06-14,128,8204,INR,-0.2,-1640.8,9844.8
Prod264,Cus001,Mark001,2019-06-14,11,1398,INR,-0.27,-377.46,1775.46
Prod292,Cus001,Mark001,2019-06-14,19,6833,INR,-0.15,-1024.95,7857.95
Prod294,Cus001,Mark001,2019-06-14,32,2912,INR,0.37,1077.44,1834.56
Prod297,Cus001,Mark001,2019-06-14,19,6833,INR,0.38,2596.54,4236.46
Prod300,Cus001,Mark001,2019-06-14,26,1495,INR,0.31,463.45,1031.55
Prod040,Cus001,Mark001,2019-06-19,40,25116,INR,-0.32,-8037.12,33153.12
Prod159,Cus001,Mark001,2019-06-19,47,17241,INR,-0.19,-3275.79,20516.79
Prod271,Cus001,Mark001,2019-06-19,26,4444,INR,0.14,622.16,3821.84
Prod040,Cus001,Mark001,2019-06-26,120,75347,INR,0.15,11302.05,64044.95
Prod117,Cus001,Mark001,2019-06-26,160,14556,INR,0.04,582.24,13973.76
Prod159,Cus001,Mark001,2019-06-26,100,36940,INR,-0.06,-2216.4,39156.4
Prod308,Cus001,Mark001,2019-06-26,133,49255,INR,0.25,12313.75,36941.25
Prod040,Cus001,Mark001,2019-07-11,40,25116,INR,-0.35,-8790.6,33906.6
Prod254,Cus001,Mark001,2019-07-11,84,9366,INR,-0.14,-1311.24,10677.24
Prod271,Cus001,Mark001,2019-07-11,13,2222,INR,0.39,866.58,1355.42
Prod288,Cus001,Mark001,2019-07-11,43,6991,INR,-0.31,-2167.21,9158.21
Prod297,Cus001,Mark001,2019-07-11,19,6833,INR,-0.03,-204.99,7037.99
Prod308,Cus001,Mark001,2019-07-11,40,16495,INR,0.23,3793.85,12701.15
Prod310,Cus001,Mark001,2019-07-11,13,8866,INR,-0.22,-1950.52,10816.52
Prod316,Cus001,Mark001,2019-07-11,120,66491,INR,-0.02,-1329.82,67820.82
Prod319,Cus001,Mark001,2019-07-11,240,148472,INR,0.35,51965.2,96506.8
Prod328,Cus001,Mark001,2019-07-16,53,60505,INR,-0.23,-13916.15,74421.15
Prod328,Cus001,Mark001,2019-07-25,40,45375,INR,-0.18,-8167.5,53542.5
Prod117,Cus001,Mark001,2019-07-29,53,4852,INR,-0.24,-1164.48,6016.48
Prod244,Cus001,Mark001,2019-07-29,672,43074,INR,0.15,6461.1,36612.9
Prod263,Cus001,Mark001,2019-07-29,16,2157,INR,0.05,107.85,2049.15
Prod296,Cus001,Mark001,2019-07-29,12,4681,INR,0.22,1029.82,3651.18
Prod308,Cus001,Mark001,2019-08-12,20,8250,INR,0.22,1815,6435
Prod061,Cus001,Mark001,2019-08-13,44,7884,INR,-0.25,-1971,9855
Prod117,Cus001,Mark001,2019-08-13,107,9704,INR,0.31,3008.24,6695.76
Prod129,Cus001,Mark001,2019-08-13,48,10495,INR,0.33,3463.35,7031.65
Prod244,Cus001,Mark001,2019-08-13,272,17435,INR,0.26,4533.1,12901.9
Prod254,Cus001,Mark001,2019-08-13,47,5204,INR,-0.01,-52.04,5256.04
Prod263,Cus001,Mark001,2019-08-13,16,2157,INR,0.32,690.24,1466.76
Prod264,Cus001,Mark001,2019-08-13,11,1398,INR,-0.08,-111.84,1509.84
Prod271,Cus001,Mark001,2019-08-13,13,2222,INR,0.19,422.18,1799.82
Prod280,Cus001,Mark001,2019-08-13,10,981,INR,-0.1,-98.1,1079.1
Prod281,Cus001,Mark001,2019-08-13,10,1014,INR,0.08,81.12,932.88
Prod286,Cus001,Mark001,2019-08-13,33,3556,INR,-0.17,-604.52,4160.52
Prod292,Cus001,Mark001,2019-08-13,19,6833,INR,-0.31,-2118.23,8951.23
Prod300,Cus001,Mark001,2019-08-13,26,1495,INR,0.21,313.95,1181.05
Prod133,Cus001,Mark001,2019-08-14,6,4736,INR,0.23,1089.28,3646.72
Prod040,Cus001,Mark001,2019-08-19,40,28042,INR,-0.23,-6449.66,34491.66
Prod117,Cus001,Mark001,2019-08-20,213,19412,INR,0.28,5435.36,13976.64
Prod117,Cus001,Mark001,2019-08-27,107,9704,INR,-0.15,-1455.6,11159.6
Prod040,Cus001,Mark001,2019-08-28,40,28042,INR,-0.3,-8412.6,36454.6
Prod061,Cus001,Mark001,2019-09-11,24,4301,INR,-0.2,-860.2,5161.2
Prod133,Cus001,Mark001,2019-09-11,9,4431,INR,0.11,487.41,3943.59
Prod263,Cus001,Mark001,2019-09-11,16,2157,INR,0.11,237.27,1919.73
Prod264,Cus001,Mark001,2019-09-11,15,1866,INR,-0.33,-615.78,2481.78
Prod271,Cus001,Mark001,2019-09-11,26,4444,INR,-0.32,-1422.08,5866.08
Prod273,Cus001,Mark001,2019-09-11,4,449,INR,0.01,4.49,444.51
Prod254,Cus001,Mark001,2019-09-19,28,3120,INR,-0.13,-405.6,3525.6
Prod288,Cus001,Mark001,2019-09-19,43,6991,INR,0.35,2446.85,4544.15
Prod328,Cus001,Mark001,2019-10-04,65,73736,INR,-0.3,-22120.8,95856.8
Prod133,Cus001,Mark001,2019-10-10,72,36250,INR,-0.15,-5437.5,41687.5
Prod294,Cus001,Mark001,2019-10-10,64,5824,INR,-0.09,-524.16,6348.16
Prod328,Cus001,Mark001,2019-10-10,8,9454,INR,-0.25,-2363.5,11817.5
Prod061,Cus001,Mark001,2019-10-11,13,2389,INR,0.07,167.23,2221.77
Prod113,Cus001,Mark001,2019-10-11,24,2671,INR,0.09,240.39,2430.61
Prod117,Cus001,Mark001,2019-10-11,480,43671,INR,0.07,3056.97,40614.03
Prod254,Cus001,Mark001,2019-10-11,28,3120,INR,0.04,124.8,2995.2
Prod265,Cus001,Mark001,2019-10-11,6,2565,INR,0.05,128.25,2436.75
Prod283,Cus001,Mark001,2019-10-11,14,1069,INR,0.22,235.18,833.82
Prod286,Cus001,Mark001,2019-10-11,17,1796,INR,0.28,502.88,1293.12
Prod288,Cus001,Mark001,2019-10-11,21,3495,INR,-0.12,-419.4,3914.4
Prod295,Cus001,Mark001,2019-10-11,77,7833,INR,0.04,313.32,7519.68
Prod297,Cus001,Mark001,2019-10-11,19,6833,INR,0.04,273.32,6559.68
Prod300,Cus001,Mark001,2019-10-11,20,1167,INR,0.4,466.8,700.2
Prod303,Cus001,Mark001,2019-10-11,4,1245,INR,-0.35,-435.75,1680.75
Prod308,Cus001,Mark001,2019-10-11,60,24745,INR,-0.11,-2721.95,27466.95
Prod310,Cus001,Mark001,2019-10-11,13,8866,INR,0.39,3457.74,5408.26
Prod328,Cus001,Mark001,2019-10-11,45,51051,INR,-0.2,-10210.2,61261.2
Prod090,Cus001,Mark001,2019-10-18,67,2685,INR,-0.07,-187.95,2872.95
Prod324,Cus001,Mark001,2019-10-18,70,71125,INR,0.37,26316.25,44808.75
Prod319,Cus001,Mark001,2019-10-21,240,148472,INR,0.17,25240.24,123231.76
Prod328,Cus001,Mark001,2019-10-21,72,81301,INR,-0.13,-10569.13,91870.13
Prod040,Cus001,Mark001,2019-10-30,240,168250,INR,0.01,1682.5,166567.5
Prod328,Cus001,Mark001,2019-10-30,32,35921,INR,-0.23,-8261.83,44182.83
Prod254,Cus001,Mark001,2019-10-31,84,9366,INR,-0.35,-3278.1,12644.1
Prod090,Cus001,Mark001,2019-11-13,7,1250,INR,-0.28,-350,1600
Prod273,Cus001,Mark001,2019-11-14,10,1125,INR,0.15,168.75,956.25
Prod061,Cus001,Mark001,2019-11-14,72,12903,INR,-0.19,-2451.57,15354.57
Prod106,Cus001,Mark001,2019-11-14,9,6681,INR,0.12,801.72,5879.28
Prod117,Cus001,Mark001,2019-11-14,160,14556,INR,-0.28,-4075.68,18631.68
Prod129,Cus001,Mark001,2019-11-14,48,10495,INR,0.4,4198,6297
Prod133,Cus001,Mark001,2019-11-14,18,9065,INR,0.21,1903.65,7161.35
Prod162,Cus001,Mark001,2019-11-14,117,21495,INR,-0.27,-5803.65,27298.65
Prod263,Cus001,Mark001,2019-11-14,8,1079,INR,0.05,53.95,1025.05
Prod264,Cus001,Mark001,2019-11-14,26,3264,INR,-0.28,-913.92,4177.92
Prod271,Cus001,Mark001,2019-11-14,38,6667,INR,-0.29,-1933.43,8600.43
Prod280,Cus001,Mark001,2019-11-14,10,981,INR,-0.34,-333.54,1314.54
Prod281,Cus001,Mark001,2019-11-14,10,1014,INR,0.14,141.96,872.04
Prod286,Cus001,Mark001,2019-11-14,66,7111,INR,-0.29,-2062.19,9173.19
Prod288,Cus001,Mark001,2019-11-14,64,10486,INR,0.25,2621.5,7864.5
Prod294,Cus001,Mark001,2019-11-14,32,2912,INR,-0.01,-29.12,2941.12
Prod297,Cus001,Mark001,2019-11-14,19,6833,INR,-0.3,-2049.9,8882.9
Prod300,Cus001,Mark001,2019-11-14,51,2991,INR,0.13,388.83,2602.17
Prod310,Cus001,Mark001,2019-11-14,23,15519,INR,0.18,2793.42,12725.58
Prod110,Cus001,Mark001,2019-11-15,4,3574,INR,-0.03,-107.22,3681.22
Prod308,Cus001,Mark001,2019-11-15,33,13745,INR,0.11,1511.95,12233.05
Prod319,Cus001,Mark001,2019-11-15,80,49491,INR,0.28,13857.48,35633.52
Prod328,Cus001,Mark001,2019-11-15,23,26468,INR,-0.05,-1323.4,27791.4
Prod133,Cus001,Mark001,2019-11-18,6,4736,INR,0.04,189.44,4546.56
Prod065,Cus001,Mark001,2019-11-20,42,7810,INR,0.01,78.1,7731.9
Prod271,Cus001,Mark001,2019-11-20,26,4444,INR,-0.25,-1111,5555
Prod292,Cus001,Mark001,2019-11-20,38,13671,INR,0.25,3417.75,10253.25
Prod040,Cus001,Mark001,2019-11-25,40,28042,INR,0.38,10655.96,17386.04
Prod061,Cus001,Mark001,2019-12-10,48,8602,INR,-0.03,-258.06,8860.06
Prod065,Cus001,Mark001,2019-12-10,90,17898,INR,0.04,715.92,17182.08
Prod159,Cus001,Mark001,2019-12-10,60,24458,INR,0.25,6114.5,18343.5
Prod244,Cus001,Mark001,2019-12-10,72,4616,INR,0.12,553.92,4062.08
Prod254,Cus001,Mark001,2019-12-10,93,10407,INR,-0.19,-1977.33,12384.33
Prod264,Cus001,Mark001,2019-12-10,11,1398,INR,-0.27,-377.46,1775.46
Prod271,Cus001,Mark001,2019-12-10,26,4444,INR,0.04,177.76,4266.24
Prod294,Cus001,Mark001,2019-12-10,32,2912,INR,0.26,757.12,2154.88
Prod300,Cus001,Mark001,2019-12-10,26,1495,INR,0.38,568.1,926.9
Prod308,Cus001,Mark001,2019-12-10,127,52241,INR,-0.13,-6791.33,59032.33
Prod319,Cus001,Mark001,2019-12-10,233,144347,INR,0.3,43304.1,101042.9
Prod328,Cus001,Mark001,2019-12-10,70,79407,INR,0.19,15087.33,64319.67
Prod227,Cus001,Mark001,2019-12-11,40,9556,INR,-0.17,-1624.52,11180.52
Prod040,Cus001,Mark001,2019-12-18,40,28042,INR,0.26,7290.92,20751.08
Prod117,Cus001,Mark001,2019-12-18,160,14556,INR,-0.03,-436.68,14992.68
Prod129,Cus001,Mark001,2019-12-18,48,10495,INR,-0.05,-524.75,11019.75
Prod271,Cus001,Mark001,2019-12-18,13,2222,INR,0.08,177.76,2044.24
Prod319,Cus001,Mark001,2019-12-18,87,53616,INR,-0.25,-13404,67020
Prod040,Cus001,Mark001,2020-01-17,40,25116,INR,-0.17,-4269.72,29385.72
Prod061,Cus001,Mark001,2020-01-17,184,32972,INR,-0.24,-7913.28,40885.28
Prod065,Cus001,Mark001,2020-01-17,42,7810,INR,-0.08,-624.8,8434.8
Prod159,Cus001,Mark001,2020-01-17,47,17241,INR,0.06,1034.46,16206.54
Prod286,Cus001,Mark001,2020-01-17,33,3556,INR,0.17,604.52,2951.48
Prod288,Cus001,Mark001,2020-01-17,21,3495,INR,-0.12,-419.4,3914.4
Prod292,Cus001,Mark001,2020-01-17,19,6833,INR,-0.34,-2323.22,9156.22
Prod295,Cus001,Mark001,2020-01-17,38,3917,INR,0.28,1096.76,2820.24
Prod296,Cus001,Mark001,2020-01-17,12,4681,INR,-0.04,-187.24,4868.24
Prod297,Cus001,Mark001,2020-01-17,19,6833,INR,0.05,341.65,6491.35
Prod065,Cus001,Mark001,2020-01-20,107,21208,INR,0.33,6998.64,14209.36
Prod117,Cus001,Mark001,2020-01-20,107,9704,INR,-0.05,-485.2,10189.2
Prod129,Cus001,Mark001,2020-01-20,48,10495,INR,-0.26,-2728.7,13223.7
Prod133,Cus001,Mark001,2020-01-20,18,9065,INR,-0.16,-1450.4,10515.4
Prod264,Cus001,Mark001,2020-01-20,18,2333,INR,0.15,349.95,1983.05
Prod271,Cus001,Mark001,2020-01-20,13,2222,INR,-0.04,-88.88,2310.88
Prod283,Cus001,Mark001,2020-01-20,9,713,INR,0.05,35.65,677.35
Prod294,Cus001,Mark001,2020-01-20,32,2912,INR,-0.27,-786.24,3698.24
Prod040,Cus001,Mark001,2020-01-21,80,56083,INR,0.23,12899.09,43183.91
Prod159,Cus001,Mark001,2020-01-21,27,11000,INR,0.3,3300,7700
Prod227,Cus001,Mark001,2020-01-21,40,9556,INR,-0.33,-3153.48,12709.48
Prod040,Cus001,Mark001,2020-01-28,40,25116,INR,-0.08,-2009.28,27125.28
Prod159,Cus001,Mark001,2020-01-28,40,14778,INR,0.14,2068.92,12709.08
Prod316,Cus001,Mark001,2020-01-28,40,22167,INR,0.22,4876.74,17290.26
Prod070,Cus001,Mark001,2020-02-12,530,315273,INR,0.34,107192.82,208080.18
Prod040,Cus001,Mark001,2020-02-13,40,25116,INR,0.05,1255.8,23860.2
Prod061,Cus001,Mark001,2020-02-13,348,62366,INR,0.17,10602.22,51763.78
Prod113,Cus001,Mark001,2020-02-13,6,667,INR,-0.3,-200.1,867.1
Prod117,Cus001,Mark001,2020-02-13,107,9704,INR,0.06,582.24,9121.76
Prod133,Cus001,Mark001,2020-02-13,36,18125,INR,-0.08,-1450,19575
Prod159,Cus001,Mark001,2020-02-13,13,4926,INR,0.37,1822.62,3103.38
Prod162,Cus001,Mark001,2020-02-13,13,2458,INR,-0.23,-565.34,3023.34
Prod264,Cus001,Mark001,2020-02-13,11,1398,INR,0.37,517.26,880.74
Prod271,Cus001,Mark001,2020-02-13,13,2222,INR,0.21,466.62,1755.38
Prod283,Cus001,Mark001,2020-02-13,19,1426,INR,-0.08,-114.08,1540.08
Prod286,Cus001,Mark001,2020-02-13,33,3556,INR,0.11,391.16,3164.84
Prod288,Cus001,Mark001,2020-02-13,21,3495,INR,0.05,174.75,3320.25
Prod297,Cus001,Mark001,2020-02-13,19,6833,INR,0.28,1913.24,4919.76
Prod300,Cus001,Mark001,2020-02-13,26,1495,INR,0.09,134.55,1360.45
Prod319,Cus001,Mark001,2020-02-13,40,24745,INR,0,0,24745
Prod328,Cus001,Mark001,2020-02-17,93,105880,INR,-0.25,-26470,132350
Prod065,Cus001,Mark001,2020-02-21,16,2977,INR,0.16,476.32,2500.68
Prod106,Cus001,Mark001,2020-02-21,9,6681,INR,0.29,1937.49,4743.51
Prod070,Cus001,Mark001,2020-03-12,53,31727,INR,0.34,10787.18,20939.82
Prod106,Cus001,Mark001,2020-03-12,9,6681,INR,-0.13,-868.53,7549.53
Prod113,Cus001,Mark001,2020-03-12,12,1333,INR,-0.16,-213.28,1546.28
Prod117,Cus001,Mark001,2020-03-12,320,29116,INR,-0.35,-10190.6,39306.6
Prod129,Cus001,Mark001,2020-03-12,96,20986,INR,0.23,4826.78,16159.22
Prod133,Cus001,Mark001,2020-03-12,36,18125,INR,0.38,6887.5,11237.5
Prod159,Cus001,Mark001,2020-03-12,113,44162,INR,-0.16,-7065.92,51227.92
Prod244,Cus001,Mark001,2020-03-12,224,14356,INR,0.1,1435.6,12920.4
Prod264,Cus001,Mark001,2020-03-12,7,931,INR,0.28,260.68,670.32
Prod271,Cus001,Mark001,2020-03-12,38,6667,INR,0.04,266.68,6400.32
Prod273,Cus001,Mark001,2020-03-12,4,449,INR,0.28,125.72,323.28
Prod288,Cus001,Mark001,2020-03-12,21,3495,INR,0.13,454.35,3040.65
Prod292,Cus001,Mark001,2020-03-12,19,6833,INR,0.18,1229.94,5603.06
Prod316,Cus001,Mark001,2020-03-12,40,22167,INR,-0.1,-2216.7,24383.7
Prod319,Cus001,Mark001,2020-03-12,80,49491,INR,-0.34,-16826.94,66317.94
Prod070,Cus001,Mark001,2020-03-19,60,35690,INR,0.18,6424.2,29265.8
Prod254,Cus001,Mark001,2020-03-19,37,4162,INR,-0.27,-1123.74,5285.74
Prod263,Cus001,Mark001,2020-03-19,25,3366,INR,0.31,1043.46,2322.54
Prod070,Cus001,Mark001,2020-04-06,127,75347,INR,0.02,1506.94,73840.06
Prod113,Cus001,Mark001,2020-04-09,6,667,INR,-0.31,-206.77,873.77
Prod117,Cus001,Mark001,2020-04-09,160,14556,INR,0.32,4657.92,9898.08
Prod129,Cus001,Mark001,2020-04-09,48,10495,INR,0.17,1784.15,8710.85
Prod133,Cus001,Mark001,2020-04-09,18,9065,INR,-0.18,-1631.7,10696.7
Prod264,Cus001,Mark001,2020-04-09,4,468,INR,-0.27,-126.36,594.36
Prod270,Cus001,Mark001,2020-04-09,7,1468,INR,0.28,411.04,1056.96
Prod271,Cus001,Mark001,2020-04-09,13,2222,INR,-0.23,-511.06,2733.06
Prod286,Cus001,Mark001,2020-04-09,33,3556,INR,0.01,35.56,3520.44
Prod296,Cus001,Mark001,2020-04-09,7,2810,INR,0.11,309.1,2500.9
Prod297,Cus001,Mark001,2020-04-09,19,6833,INR,0.32,2186.56,4646.44
Prod300,Cus001,Mark001,2020-04-09,49,2856,INR,0.35,999.6,1856.4
Prod040,Cus001,Mark001,2020-04-15,40,28042,INR,-0.29,-8132.18,36174.18
Prod329,Cus001,Mark001,2020-04-15,20,24755,INR,0.27,6683.85,18071.15
Prod328,Cus001,Mark001,2020-04-20,47,52940,INR,0.08,4235.2,48704.8
Prod040,Cus001,Mark001,2020-04-23,40,28042,INR,0.2,5608.4,22433.6
Prod288,Cus001,Mark001,2020-04-23,21,3495,INR,0.11,384.45,3110.55
Prod319,Cus001,Mark001,2020-04-23,47,28870,INR,0.26,7506.2,21363.8
Prod233,Cus001,Mark001,2020-04-30,72,16042,INR,0.16,2566.72,13475.28
Prod316,Cus001,Mark001,2020-04-30,40,22167,INR,-0.26,-5763.42,27930.42
Prod319,Cus001,Mark001,2020-05-14,73,45366,INR,-0.32,-14517.12,59883.12
Prod040,Cus001,Mark001,2020-05-15,40,28042,INR,-0.18,-5047.56,33089.56
Prod061,Cus001,Mark001,2020-05-15,88,15769,INR,0.38,5992.22,9776.78
Prod070,Cus001,Mark001,2020-05-15,53,31727,INR,0.14,4441.78,27285.22
Prod090,Cus001,Mark001,2020-05-15,33,1343,INR,0.32,429.76,913.24
Prod254,Cus001,Mark001,2020-05-15,37,4162,INR,0.22,915.64,3246.36
Prod308,Cus001,Mark001,2020-05-15,57,23370,INR,0.08,1869.6,21500.4
Prod106,Cus001,Mark001,2020-05-18,19,13366,INR,-0.24,-3207.84,16573.84
Prod117,Cus001,Mark001,2020-05-18,107,9704,INR,-0.14,-1358.56,11062.56
Prod129,Cus001,Mark001,2020-05-18,48,10495,INR,0.09,944.55,9550.45
Prod133,Cus001,Mark001,2020-05-18,18,9065,INR,0.33,2991.45,6073.55
Prod263,Cus001,Mark001,2020-05-18,16,2157,INR,0.32,690.24,1466.76
Prod264,Cus001,Mark001,2020-05-18,7,931,INR,0.17,158.27,772.73
Prod271,Cus001,Mark001,2020-05-18,13,2222,INR,-0.2,-444.4,2666.4
Prod273,Cus001,Mark001,2020-05-18,4,449,INR,-0.05,-22.45,471.45
Prod280,Cus001,Mark001,2020-05-18,10,981,INR,-0.02,-19.62,1000.62
Prod281,Cus001,Mark001,2020-05-18,10,1014,INR,0.29,294.06,719.94
Prod294,Cus001,Mark001,2020-05-18,64,5824,INR,0.1,582.4,5241.6
Prod244,Cus001,Mark001,2020-05-20,80,5130,INR,0.23,1179.9,3950.1
Prod254,Cus001,Mark001,2020-05-20,65,7282,INR,0.35,2548.7,4733.3
Prod295,Cus001,Mark001,2020-05-20,38,3917,INR,0.21,822.57,3094.43
Prod300,Cus001,Mark001,2020-05-20,26,1495,INR,0.09,134.55,1360.45
Prod065,Cus001,Mark001,2020-05-21,213,42421,INR,-0.33,-13998.93,56419.93
Prod070,Cus001,Mark001,2020-05-21,47,27759,INR,0.05,1387.95,26371.05
Prod244,Cus001,Mark001,2020-05-25,96,6153,INR,-0.2,-1230.6,7383.6
Prod328,Cus001,Mark001,2020-05-27,47,52940,INR,0.27,14293.8,38646.2
Prod319,Cus001,Mark001,2020-06-02,70,43306,INR,-0.28,-12125.68,55431.68
Prod159,Cus001,Mark001,2020-06-11,67,25778,INR,-0.28,-7217.84,32995.84
Prod308,Cus001,Mark001,2020-06-11,7,2750,INR,0.28,770,1980
Prod328,Cus001,Mark001,2020-06-11,23,26468,INR,0.38,10057.84,16410.16
Prod329,Cus001,Mark001,2020-06-11,30,37134,INR,0.1,3713.4,33420.6
Prod040,Cus001,Mark001,2020-06-11,40,28042,INR,0.02,560.84,27481.16
Prod070,Cus001,Mark001,2020-06-11,133,79315,INR,-0.07,-5552.05,84867.05
Prod113,Cus001,Mark001,2020-06-12,6,667,INR,-0.15,-100.05,767.05
Prod117,Cus001,Mark001,2020-06-12,213,19412,INR,-0.04,-776.48,20188.48
Prod244,Cus001,Mark001,2020-06-12,248,15898,INR,0.18,2861.64,13036.36
Prod263,Cus001,Mark001,2020-06-12,8,1079,INR,-0.29,-312.91,1391.91
Prod264,Cus001,Mark001,2020-06-12,7,931,INR,0.21,195.51,735.49
Prod271,Cus001,Mark001,2020-06-12,13,2222,INR,-0.07,-155.54,2377.54
Prod286,Cus001,Mark001,2020-06-12,33,3556,INR,0.12,426.72,3129.28
Prod288,Cus001,Mark001,2020-06-12,43,6991,INR,0.11,769.01,6221.99
Prod292,Cus001,Mark001,2020-06-12,19,6833,INR,-0.29,-1981.57,8814.57
Prod297,Cus001,Mark001,2020-06-12,19,6833,INR,0.22,1503.26,5329.74
Prod300,Cus001,Mark001,2020-06-12,26,1495,INR,-0.06,-89.7,1584.7
Prod319,Cus001,Mark001,2020-06-12,23,14435,INR,-0.27,-3897.45,18332.45
Prod070,Cus001,Mark001,2020-06-16,150,89227,INR,0.33,29444.91,59782.09
Prod319,Cus001,Mark001,2020-06-16,50,30931,INR,-0.25,-7732.75,38663.75
Prod040,Cus001,Mark001,2020-06-18,40,25116,INR,0.15,3767.4,21348.6
Prod319,Cus001,Mark001,2020-06-22,97,59801,INR,0.3,17940.3,41860.7
Prod290,Cus001,Mark001,2017-10-10,5,1431,INR,0,0,1431
Prod280,Cus001,Mark001,2017-11-06,5,463,INR,-0.09,-41.67,504.67
Prod281,Cus001,Mark001,2017-11-16,5,505,INR,0.18,90.9,414.1
Prod280,Cus001,Mark001,2017-12-11,5,491,INR,0.39,191.49,299.51
Prod281,Cus001,Mark001,2017-12-11,5,505,INR,-0.08,-40.4,545.4
Prod269,Cus001,Mark001,2018-01-12,5,981,INR,-0.01,-9.81,990.81
Prod283,Cus001,Mark001,2018-01-12,5,356,INR,0.3,106.8,249.2
Prod280,Cus001,Mark001,2018-01-26,5,491,INR,0,0,491
Prod270,Cus001,Mark001,2018-02-13,5,981,INR,-0.03,-29.43,1010.43
Prod283,Cus001,Mark001,2018-02-13,5,356,INR,0.28,99.68,256.32
Prod298,Cus001,Mark001,2018-03-13,5,3028,INR,0.21,635.88,2392.12
Prod283,Cus001,Mark001,2018-03-22,5,356,INR,-0.01,-3.56,359.56
Prod283,Cus001,Mark001,2018-04-09,5,356,INR,0.21,74.76,281.24
Prod270,Cus001,Mark001,2018-04-12,5,981,INR,-0.1,-98.1,1079.1
Prod280,Cus001,Mark001,2018-04-12,5,491,INR,-0.08,-39.28,530.28
Prod269,Cus001,Mark001,2018-04-18,5,981,INR,-0.04,-39.24,1020.24
Prod281,Cus001,Mark001,2018-04-18,5,505,INR,0,0,505
Prod298,Cus001,Mark001,2018-04-18,5,3028,INR,0.17,514.76,2513.24
Prod269,Cus001,Mark001,2018-05-16,5,981,INR,-0.3,-294.3,1275.3
Prod280,Cus001,Mark001,2018-05-16,5,491,INR,0.3,147.3,343.7
Prod283,Cus001,Mark001,2018-05-16,5,356,INR,0.36,128.16,227.84
Prod290,Cus001,Mark001,2018-05-16,5,1486,INR,0.16,237.76,1248.24
Prod276,Cus001,Mark001,2018-05-18,5,1537,INR,0.37,568.69,968.31
Prod279,Cus001,Mark001,2018-05-18,5,1713,INR,-0.1,-171.3,1884.3
Prod295,Cus001,Mark001,2018-05-30,5,491,INR,-0.24,-117.84,608.84
Prod281,Cus001,Mark001,2018-07-30,5,505,INR,-0.09,-45.45,550.45
Prod281,Cus001,Mark001,2018-08-15,5,505,INR,0.38,191.9,313.1
Prod298,Cus001,Mark001,2018-08-15,5,3028,INR,-0.29,-878.12,3906.12
Prod279,Cus001,Mark001,2018-10-10,5,1713,INR,0.31,531.03,1181.97
Prod280,Cus001,Mark001,2018-10-10,5,491,INR,-0.3,-147.3,638.3
Prod283,Cus001,Mark001,2018-10-10,5,356,INR,-0.28,-99.68,455.68
Prod290,Cus001,Mark001,2018-10-22,5,1486,INR,-0.28,-416.08,1902.08
Prod281,Cus001,Mark001,2018-11-08,5,505,INR,-0.27,-136.35,641.35
Prod270,Cus001,Mark001,2018-12-06,5,981,INR,-0.29,-284.49,1265.49
Prod280,Cus001,Mark001,2018-12-06,5,491,INR,0.4,196.4,294.6
Prod270,Cus001,Mark001,2019-01-14,5,981,INR,0,0,981
Prod279,Cus001,Mark001,2019-01-14,5,1713,INR,0.27,462.51,1250.49
Prod280,Cus001,Mark001,2019-01-14,5,491,INR,0.33,162.03,328.97
Prod283,Cus001,Mark001,2019-01-14,5,356,INR,0.35,124.6,231.4
Prod280,Cus001,Mark001,2019-02-15,5,491,INR,0.04,19.64,471.36
